representation,word_ngram,char_ngram,model,cv_accuracy,holdout_accuracy,holdout_f1
CAPTION_ONLY,"(1, 2)","(3, 5)",Balanced Logistic C=0.3,0.7230213089802131,0.6813186813186813,0.6588235294117647
WEIGHTED_TEXT,"(1, 1)","(3, 5)",Balanced Logistic C=0.3,0.7203196347031964,0.6593406593406593,0.651685393258427
CAPTION_ONLY,"(1, 2)","(3, 5)",Balanced Logistic C=1,0.7202435312024353,0.6593406593406593,0.6172839506172839
CAPTION_TAGS,"(1, 1)","(3, 5)",Balanced Logistic C=0.3,0.7147640791476408,0.6593406593406593,0.651685393258427
WEIGHTED_TEXT,"(1, 1)","(3, 5)",Balanced Logistic C=0.1,0.7119863013698631,0.6593406593406593,0.6593406593406593
CAPTION_ONLY,"(1, 1)","(3, 5)",Balanced Logistic C=0.3,0.7092085235920853,0.6813186813186813,0.6666666666666666
CAPTION_TAGS,"(1, 1)","(3, 5)",Balanced Logistic C=0.1,0.7092085235920853,0.6703296703296703,0.6666666666666666
CAPTION_ONLY,"(1, 3)","(3, 6)",Balanced Logistic C=1,0.7091324200913242,0.6703296703296703,0.6341463414634146
CAPTION_ONLY,"(1, 3)","(3, 6)",Balanced Logistic C=0.3,0.7064307458143074,0.6703296703296703,0.6511627906976745
WEIGHTED_TEXT,"(1, 4)","(3, 7)",Balanced Logistic C=3,0.706392694063927,0.6263736263736264,0.5641025641025641
WEIGHTED_TEXT,"(1, 2)","(3, 5)",Balanced Logistic C=3,0.7063546423135465,0.6263736263736264,0.5526315789473685
CAPTION_ONLY,"(1, 1)","(3, 5)",Balanced Logistic C=0.1,0.7036910197869102,0.6923076923076923,0.6888888888888889
CAPTION_TAGS,"(1, 2)","(3, 5)",Balanced Logistic C=0.1,0.7036529680365298,0.6593406593406593,0.651685393258427
CAPTION_TAGS,"(1, 3)","(3, 6)",Balanced Logistic C=0.1,0.7036529680365298,0.6593406593406593,0.651685393258427
CAPTION_ONLY,"(1, 2)","(3, 5)",Balanced Logistic C=3,0.7036529680365297,0.6153846153846154,0.5454545454545454
TAGS_ONLY,"(1, 2)","(3, 5)",Balanced Logistic C=1,0.7036149162861493,0.6483516483516484,0.5789473684210527
CAPTION_ONLY,"(1, 1)","(3, 5)",Balanced Logistic C=1,0.7036149162861491,0.6593406593406593,0.6172839506172839
CAPTION_TAGS,"(1, 2)","(3, 5)",Balanced Logistic C=0.3,0.7009132420091324,0.6703296703296703,0.6590909090909091
WEIGHTED_TEXT,"(1, 2)","(3, 5)",Balanced Logistic C=0.1,0.7009132420091324,0.6593406593406593,0.651685393258427
WEIGHTED_TEXT,"(1, 4)","(3, 7)",Balanced Logistic C=0.1,0.7009132420091324,0.6593406593406593,0.651685393258427
WEIGHTED_TEXT,"(1, 4)","(3, 7)",Balanced Logistic C=0.3,0.7009132420091324,0.6593406593406593,0.6436781609195402
WEIGHTED_TEXT,"(1, 3)","(3, 6)",Balanced Logistic C=0.1,0.7009132420091324,0.6483516483516484,0.6444444444444445
CAPTION_ONLY,"(1, 2)","(3, 5)",Balanced Logistic C=0.1,0.700875190258752,0.6923076923076923,0.6888888888888889
CAPTION_TAGS,"(1, 3)","(3, 6)",Balanced Logistic C=3,0.7008371385083715,0.5934065934065934,0.5194805194805194
CAPTION_ONLY,"(1, 3)","(3, 6)",Balanced Logistic C=0.1,0.7008371385083714,0.6923076923076923,0.6888888888888889
CAPTION_ONLY,"(1, 4)","(3, 7)",Balanced Logistic C=1,0.6981354642313546,0.6703296703296703,0.6428571428571429
CAPTION_TAGS,"(1, 3)","(3, 6)",Balanced Logistic C=0.3,0.6981354642313546,0.6593406593406593,0.651685393258427
WEIGHTED_TEXT,"(1, 2)","(3, 5)",Balanced Logistic C=0.3,0.6981354642313546,0.6483516483516484,0.6363636363636364
CAPTION_TAGS,"(1, 2)","(3, 5)",Balanced Logistic C=3,0.6981354642313546,0.6153846153846154,0.5333333333333333
CAPTION_TAGS,"(1, 2)","(3, 5)",Balanced Logistic C=10,0.6980974124809742,0.6043956043956044,0.5135135135135135
CAPTION_ONLY,"(1, 4)","(3, 7)",Balanced Logistic C=10,0.6980593607305936,0.6153846153846154,0.5333333333333333
TAGS_ONLY,"(1, 2)","(3, 5)",Balanced Logistic C=0.1,0.6980213089802131,0.6703296703296703,0.6511627906976745
TAGS_ONLY,"(1, 4)","(3, 7)",Balanced Logistic C=0.1,0.6980213089802131,0.6373626373626373,0.6206896551724138
TAGS_ONLY,"(1, 4)","(3, 7)",Balanced Logistic C=1,0.6953957382039574,0.6373626373626373,0.56
CAPTION_TAGS,"(1, 3)","(3, 6)",Balanced Logistic C=1,0.6953957382039574,0.6373626373626373,0.5925925925925926
CAPTION_TAGS,"(1, 4)","(3, 7)",Balanced Logistic C=0.1,0.6953576864535769,0.6593406593406593,0.651685393258427
CAPTION_TAGS,"(1, 4)","(3, 7)",Balanced Logistic C=0.3,0.6953576864535769,0.6593406593406593,0.6436781609195402
CAPTION_TAGS,"(1, 4)","(3, 7)",Balanced Logistic C=10,0.6953576864535769,0.6263736263736264,0.5526315789473685
CAPTION_ONLY,"(1, 4)","(3, 7)",Balanced Logistic C=0.3,0.6953196347031965,0.6593406593406593,0.6436781609195402
CAPTION_ONLY,"(1, 1)","(3, 5)",Balanced Logistic C=3,0.6953196347031965,0.6263736263736264,0.5641025641025641
WEIGHTED_TEXT,"(1, 3)","(3, 6)",Balanced Logistic C=3,0.6952815829528158,0.6153846153846154,0.5454545454545454
CAPTION_ONLY,"(1, 3)","(3, 6)",Balanced Logistic C=10,0.6952435312024353,0.6263736263736264,0.5526315789473685
TAGS_ONLY,"(1, 3)","(3, 6)",Balanced Logistic C=1,0.6925799086757991,0.6593406593406593,0.5974025974025974
CAPTION_TAGS,"(1, 4)","(3, 7)",Balanced Logistic C=1,0.6925799086757991,0.6483516483516484,0.6097560975609756
WEIGHTED_TEXT,"(1, 3)","(3, 6)",Balanced Logistic C=0.3,0.6925799086757991,0.6483516483516484,0.6363636363636364
WEIGHTED_TEXT,"(1, 3)","(3, 6)",Balanced Logistic C=1,0.6925418569254187,0.6263736263736264,0.575
CAPTION_TAGS,"(1, 3)","(3, 6)",Balanced Logistic C=10,0.6925418569254187,0.6153846153846154,0.5333333333333333
WEIGHTED_TEXT,"(1, 2)","(3, 5)",Balanced Logistic C=1,0.6925418569254187,0.6153846153846154,0.5679012345679012
WEIGHTED_TEXT,"(1, 4)","(3, 7)",Balanced Logistic C=10,0.6925418569254186,0.6153846153846154,0.5333333333333333
WEIGHTED_TEXT,"(1, 2)","(3, 5)",Balanced Logistic C=10,0.6925038051750382,0.6263736263736264,0.5405405405405406
CAPTION_ONLY,"(1, 3)","(3, 6)",Balanced Logistic C=3,0.6925038051750381,0.6153846153846154,0.5454545454545454
TAGS_ONLY,"(1, 3)","(3, 6)",Balanced Logistic C=0.1,0.6924657534246574,0.6483516483516484,0.6363636363636364
CAPTION_ONLY,"(1, 2)","(3, 5)",Balanced Logistic C=10,0.6924657534246574,0.6263736263736264,0.5526315789473685
TAGS_ONLY,"(1, 1)","(3, 5)",Balanced Logistic C=1,0.6898401826484019,0.6263736263736264,0.5526315789473685
CAPTION_ONLY,"(1, 4)","(3, 7)",Balanced Logistic C=0.1,0.6897640791476409,0.6813186813186813,0.6813186813186813
CAPTION_ONLY,"(1, 4)","(3, 7)",Balanced Logistic C=3,0.6897640791476408,0.6373626373626373,0.5714285714285714
TAGS_ONLY,"(1, 2)","(3, 5)",Balanced Logistic C=3,0.6871004566210045,0.6373626373626373,0.56
CAPTION_TAGS,"(1, 2)","(3, 5)",Balanced Logistic C=1,0.6870624048706241,0.6263736263736264,0.5853658536585366
TAGS_ONLY,"(1, 1)","(3, 5)",Balanced Logistic C=0.1,0.6870243531202436,0.6593406593406593,0.6436781609195402
TAGS_ONLY,"(1, 1)","(3, 5)",Balanced Logistic C=0.3,0.6870243531202436,0.6593406593406593,0.6172839506172839
CAPTION_TAGS,"(1, 1)","(3, 5)",Balanced Logistic C=1,0.6870243531202436,0.6263736263736264,0.575
CAPTION_ONLY,"(1, 1)","(3, 5)",Balanced Logistic C=10,0.686986301369863,0.6153846153846154,0.5454545454545454
CAPTION_ONLY,"(1, 4)","(3, 7)",SVM C=10,0.686986301369863,0.6153846153846154,0.5333333333333333
CAPTION_ONLY,"(1, 3)","(3, 6)",SVM C=2,0.686910197869102,0.6043956043956044,0.5135135135135135
CAPTION_ONLY,"(1, 3)","(3, 6)",SVM C=5,0.686910197869102,0.6043956043956044,0.5135135135135135
CAPTION_ONLY,"(1, 3)","(3, 6)",SVM C=10,0.686910197869102,0.6043956043956044,0.5135135135135135
CAPTION_ONLY,"(1, 2)","(3, 5)",SVM C=10,0.6869101978691019,0.6043956043956044,0.5135135135135135
TAGS_ONLY,"(1, 3)","(3, 6)",Balanced Logistic C=3,0.6843226788432268,0.6373626373626373,0.56
CAPTION_TAGS,"(1, 4)","(3, 7)",Balanced Logistic C=3,0.6842846270928463,0.6043956043956044,0.5384615384615384
CAPTION_TAGS,"(1, 2)","(3, 5)",SVM C=1,0.6842465753424657,0.6043956043956044,0.5
CAPTION_ONLY,"(1, 4)","(3, 7)",SVM C=5,0.6842085235920853,0.6153846153846154,0.5333333333333333
CAPTION_TAGS,"(1, 2)","(3, 5)",SVM C=10,0.6842085235920852,0.6043956043956044,0.5
WEIGHTED_TEXT,"(1, 3)","(3, 6)",Balanced Logistic C=10,0.6841704718417049,0.6263736263736264,0.5405405405405406
CAPTION_ONLY,"(1, 2)","(3, 5)",SVM C=5,0.6841324200913242,0.6043956043956044,0.5135135135135135
CAPTION_TAGS,"(1, 1)","(3, 5)",Balanced Logistic C=3,0.6815068493150684,0.6263736263736264,0.5526315789473685
WEIGHTED_TEXT,"(1, 1)","(3, 5)",Balanced Logistic C=1,0.681468797564688,0.6483516483516484,0.6097560975609756
WEIGHTED_TEXT,"(1, 4)","(3, 7)",Balanced Logistic C=1,0.681468797564688,0.6263736263736264,0.575
CAPTION_TAGS,"(1, 3)","(3, 6)",SVM C=2,0.681468797564688,0.6153846153846154,0.5205479452054794
CAPTION_TAGS,"(1, 2)","(3, 5)",SVM C=2,0.681468797564688,0.6043956043956044,0.5
CAPTION_TAGS,"(1, 2)","(3, 5)",SVM C=5,0.681468797564688,0.6043956043956044,0.5
CAPTION_TAGS,"(1, 4)","(3, 7)",SVM C=2,0.6814307458143075,0.6373626373626373,0.547945205479452
CAPTION_ONLY,"(1, 4)","(3, 7)",SVM C=2,0.6814307458143075,0.6153846153846154,0.5333333333333333
WEIGHTED_TEXT,"(1, 2)","(3, 5)",SVM C=5,0.6814307458143075,0.5934065934065934,0.4788732394366197
WEIGHTED_TEXT,"(1, 2)","(3, 5)",SVM C=10,0.6814307458143075,0.5934065934065934,0.4788732394366197
CAPTION_TAGS,"(1, 3)","(3, 6)",SVM C=1,0.6814307458143074,0.6153846153846154,0.5205479452054794
CAPTION_TAGS,"(1, 4)","(3, 7)",SVM C=0.5,0.6814307458143074,0.6153846153846154,0.4927536231884058
WEIGHTED_TEXT,"(1, 3)","(3, 6)",SVM C=2,0.6814307458143074,0.6153846153846154,0.5205479452054794
CAPTION_ONLY,"(1, 4)","(3, 7)",SVM C=1,0.681392694063927,0.6263736263736264,0.5405405405405406
WEIGHTED_TEXT,"(1, 3)","(3, 6)",SVM C=1,0.681392694063927,0.6043956043956044,0.5
TAGS_ONLY,"(1, 2)","(3, 5)",Balanced Logistic C=10,0.6788051750380518,0.6263736263736264,0.5405405405405406
WEIGHTED_TEXT,"(1, 1)","(3, 5)",Balanced Logistic C=3,0.6787290715372907,0.6373626373626373,0.56
CAPTION_TAGS,"(1, 3)","(3, 6)",SVM C=5,0.6787290715372907,0.6043956043956044,0.5
CAPTION_TAGS,"(1, 4)","(3, 7)",Logistic C=10,0.6786910197869103,0.6153846153846154,0.4927536231884058
WEIGHTED_TEXT,"(1, 1)","(3, 5)",Balanced Logistic C=10,0.6786910197869103,0.6153846153846154,0.5205479452054794
WEIGHTED_TEXT,"(1, 3)","(3, 6)",SVM C=5,0.6786910197869103,0.6153846153846154,0.5205479452054794
CAPTION_ONLY,"(1, 1)","(3, 5)",SVM C=5,0.6786529680365297,0.6043956043956044,0.5
WEIGHTED_TEXT,"(1, 2)","(3, 5)",SVM C=2,0.6786529680365297,0.5934065934065934,0.4788732394366197
TAGS_ONLY,"(1, 2)","(3, 5)",Balanced Logistic C=0.3,0.6786529680365296,0.6593406593406593,0.6172839506172839
CAPTION_TAGS,"(1, 4)","(3, 7)",SVM C=1,0.6786529680365296,0.6263736263736264,0.5277777777777778
WEIGHTED_TEXT,"(1, 2)","(3, 5)",SVM C=1,0.6786529680365296,0.5934065934065934,0.463768115942029
CAPTION_TAGS,"(1, 3)","(3, 6)",SVM C=0.3,0.6759512937595129,0.6153846153846154,0.4927536231884058
TAGS_ONLY,"(1, 4)","(3, 7)",Balanced Logistic C=0.3,0.6759132420091325,0.6483516483516484,0.6097560975609756
CAPTION_TAGS,"(1, 1)","(3, 5)",Balanced Logistic C=10,0.6759132420091325,0.6153846153846154,0.5333333333333333
WEIGHTED_TEXT,"(1, 3)","(3, 6)",SVM C=10,0.6759132420091325,0.6153846153846154,0.5205479452054794
CAPTION_ONLY,"(1, 2)","(3, 5)",SVM C=0.5,0.6759132420091324,0.6153846153846154,0.5333333333333333
CAPTION_ONLY,"(1, 3)","(3, 6)",Logistic C=10,0.675875190258752,0.6483516483516484,0.5294117647058824
CAPTION_ONLY,"(1, 4)","(3, 7)",SVM C=0.5,0.675875190258752,0.6373626373626373,0.547945205479452
CAPTION_TAGS,"(1, 4)","(3, 7)",SVM C=10,0.675875190258752,0.6263736263736264,0.5277777777777778
CAPTION_ONLY,"(1, 2)","(3, 5)",SVM C=2,0.6758751902587519,0.6043956043956044,0.5135135135135135
WEIGHTED_TEXT,"(1, 4)","(3, 7)",SVM C=1,0.6758751902587519,0.6043956043956044,0.5
WEIGHTED_TEXT,"(1, 4)","(3, 7)",SVM C=2,0.6758751902587519,0.6043956043956044,0.5
CAPTION_ONLY,"(1, 1)","(3, 5)",SVM C=10,0.6758751902587519,0.5934065934065934,0.4931506849315068
WEIGHTED_TEXT,"(1, 4)","(3, 7)",SVM C=5,0.6758751902587518,0.6043956043956044,0.5135135135135135
WEIGHTED_TEXT,"(1, 4)","(3, 7)",SVM C=10,0.6758751902587518,0.6043956043956044,0.5135135135135135
WEIGHTED_TEXT,"(1, 3)","(3, 6)",SVM C=0.5,0.6758371385083713,0.6153846153846154,0.4927536231884058
WEIGHTED_TEXT,"(1, 4)","(3, 7)",SVM C=0.5,0.6758371385083713,0.6153846153846154,0.5070422535211268
WEIGHTED_TEXT,"(1, 4)","(3, 7)",Logistic C=10,0.6758371385083713,0.6043956043956044,0.4857142857142857
TAGS_ONLY,"(1, 1)","(3, 5)",Balanced Logistic C=10,0.6732876712328768,0.6043956043956044,0.4857142857142857
CAPTION_TAGS,"(1, 2)","(3, 5)",Logistic C=2,0.6732115677321158,0.6483516483516484,0.4838709677419355
TAGS_ONLY,"(1, 1)","(3, 5)",Balanced Logistic C=3,0.6732115677321157,0.6043956043956044,0.5
CAPTION_TAGS,"(1, 3)","(3, 6)",Logistic C=5,0.6731735159817351,0.6153846153846154,0.4927536231884058
CAPTION_TAGS,"(1, 3)","(3, 6)",SVM C=10,0.6731735159817351,0.6043956043956044,0.5
CAPTION_TAGS,"(1, 4)","(3, 7)",Logistic C=5,0.6731735159817351,0.6043956043956044,0.47058823529411764
CAPTION_TAGS,"(1, 4)","(3, 7)",SVM C=0.3,0.6731735159817351,0.5934065934065934,0.44776119402985076
CAPTION_TAGS,"(1, 3)","(3, 6)",Logistic C=10,0.6731354642313546,0.6153846153846154,0.4927536231884058
WEIGHTED_TEXT,"(1, 4)","(3, 7)",Logistic C=5,0.6731354642313546,0.6043956043956044,0.47058823529411764
CAPTION_ONLY,"(1, 3)","(3, 6)",SVM C=0.5,0.6730974124809742,0.6263736263736264,0.5277777777777778
TAGS_ONLY,"(1, 3)","(3, 6)",Balanced Logistic C=0.3,0.6730974124809741,0.6593406593406593,0.6172839506172839
CAPTION_ONLY,"(1, 4)","(3, 7)",Logistic C=10,0.6730974124809741,0.6373626373626373,0.5352112676056338
CAPTION_TAGS,"(1, 1)","(3, 5)",SVM C=1,0.6730974124809741,0.6263736263736264,0.5142857142857142
WEIGHTED_TEXT,"(1, 3)","(3, 6)",SVM C=0.3,0.6730974124809741,0.6153846153846154,0.4927536231884058
CAPTION_ONLY,"(1, 3)","(3, 6)",SVM C=1,0.6730593607305937,0.6043956043956044,0.5135135135135135
TAGS_ONLY,"(1, 2)","(3, 5)",SVM C=5,0.6705479452054794,0.5934065934065934,0.44776119402985076
TAGS_ONLY,"(1, 2)","(3, 5)",SVM C=10,0.6705479452054794,0.5934065934065934,0.44776119402985076
CAPTION_TAGS,"(1, 2)","(3, 5)",SVM C=0.5,0.6703957382039574,0.6043956043956044,0.47058823529411764
CAPTION_ONLY,"(1, 4)","(3, 7)",SVM C=0.3,0.670357686453577,0.6483516483516484,0.5428571428571428
CAPTION_TAGS,"(1, 3)","(3, 6)",SVM C=0.5,0.6703576864535769,0.6153846153846154,0.4927536231884058
CAPTION_TAGS,"(1, 1)","(3, 5)",Logistic C=5,0.6703576864535769,0.5824175824175825,0.42424242424242425
WEIGHTED_TEXT,"(1, 4)","(3, 7)",SVM C=0.3,0.6703576864535769,0.5824175824175825,0.4411764705882353
CAPTION_TAGS,"(1, 1)","(3, 5)",SVM C=2,0.6703196347031964,0.6263736263736264,0.5277777777777778
CAPTION_TAGS,"(1, 4)","(3, 7)",SVM C=5,0.6703196347031963,0.6263736263736264,0.5277777777777778
CAPTION_ONLY,"(1, 1)","(3, 5)",SVM C=2,0.6703196347031963,0.6043956043956044,0.5
CAPTION_ONLY,"(1, 2)","(3, 5)",SVM C=0.3,0.6703196347031962,0.6483516483516484,0.5428571428571428
CAPTION_ONLY,"(1, 3)","(3, 6)",Logistic C=5,0.6703196347031962,0.6373626373626373,0.5074626865671642
WEIGHTED_TEXT,"(1, 3)","(3, 6)",Logistic C=10,0.6702815829528158,0.6043956043956044,0.4857142857142857
TAGS_ONLY,"(1, 4)","(3, 7)",Balanced Logistic C=3,0.6677701674277017,0.6263736263736264,0.5405405405405406
TAGS_ONLY,"(1, 3)","(3, 6)",Balanced Logistic C=10,0.6677701674277017,0.6153846153846154,0.5205479452054794
WEIGHTED_TEXT,"(1, 2)","(3, 5)",Logistic C=2,0.6676940639269408,0.6153846153846154,0.4262295081967213
TAGS_ONLY,"(1, 1)","(3, 5)",SVM C=10,0.6676940639269408,0.5934065934065934,0.4307692307692308
CAPTION_TAGS,"(1, 3)","(3, 6)",Logistic C=2,0.66765601217656,0.6593406593406593,0.5230769230769231
WEIGHTED_TEXT,"(1, 2)","(3, 5)",SVM C=0.5,0.6676179604261796,0.6043956043956044,0.45454545454545453
CAPTION_ONLY,"(1, 4)","(3, 7)",Logistic C=5,0.6675799086757991,0.6483516483516484,0.5428571428571428
CAPTION_TAGS,"(1, 2)","(3, 5)",Logistic C=10,0.6675799086757991,0.6153846153846154,0.47761194029850745
CAPTION_TAGS,"(1, 1)","(3, 5)",Logistic C=10,0.6675799086757991,0.5934065934065934,0.44776119402985076
WEIGHTED_TEXT,"(1, 3)","(3, 6)",Logistic C=5,0.667579908675799,0.6153846153846154,0.4927536231884058
CAPTION_ONLY,"(1, 2)","(3, 5)",Logistic C=5,0.6675418569254186,0.6703296703296703,0.5588235294117647
CAPTION_ONLY,"(1, 3)","(3, 6)",SVM C=0.3,0.6675418569254186,0.6483516483516484,0.5294117647058824
CAPTION_TAGS,"(1, 1)","(3, 5)",SVM C=5,0.6675418569254186,0.6263736263736264,0.5142857142857142
WEIGHTED_TEXT,"(1, 1)","(3, 5)",SVM C=5,0.6675418569254186,0.6263736263736264,0.5277777777777778
WEIGHTED_TEXT,"(1, 1)","(3, 5)",SVM C=10,0.6675418569254186,0.6263736263736264,0.5277777777777778
CAPTION_ONLY,"(1, 2)","(3, 5)",Logistic C=10,0.6675418569254185,0.6263736263736264,0.5277777777777778
CAPTION_ONLY,"(1, 1)","(3, 5)",SVM C=1,0.667503805175038,0.6043956043956044,0.5
TAGS_ONLY,"(1, 4)","(3, 7)",Balanced Logistic C=10,0.6649543378995434,0.6043956043956044,0.5
CAPTION_ONLY,"(1, 4)","(3, 7)",Logistic C=2,0.6648782343987822,0.6373626373626373,0.49230769230769234
CAPTION_ONLY,"(1, 2)","(3, 5)",Logistic C=2,0.6648401826484018,0.6483516483516484,0.4838709677419355
CAPTION_ONLY,"(1, 3)","(3, 6)",Logistic C=2,0.6648401826484018,0.6483516483516484,0.5
CAPTION_TAGS,"(1, 2)","(3, 5)",Logistic C=5,0.6648401826484018,0.6373626373626373,0.5074626865671642
CAPTION_TAGS,"(1, 2)","(3, 5)",SVM C=0.3,0.6648401826484018,0.6263736263736264,0.5
WEIGHTED_TEXT,"(1, 2)","(3, 5)",SVM C=0.3,0.6648401826484018,0.5934065934065934,0.4126984126984127
CAPTION_TAGS,"(1, 1)","(3, 5)",SVM C=0.3,0.6648021308980213,0.5934065934065934,0.4307692307692308
CAPTION_ONLY,"(1, 2)","(3, 5)",SVM C=1,0.6648021308980212,0.6043956043956044,0.5135135135135135
CAPTION_TAGS,"(1, 1)","(3, 5)",SVM C=10,0.6647640791476407,0.6153846153846154,0.5070422535211268
TAGS_ONLY,"(1, 3)","(3, 6)",SVM C=10,0.6622146118721461,0.5934065934065934,0.44776119402985076
TAGS_ONLY,"(1, 2)","(3, 5)",Logistic C=10,0.6622146118721461,0.5824175824175825,0.40625
TAGS_ONLY,"(1, 1)","(3, 5)",SVM C=5,0.6621765601217655,0.5934065934065934,0.4307692307692308
WEIGHTED_TEXT,"(1, 3)","(3, 6)",Logistic C=2,0.662138508371385,0.6263736263736264,0.45161290322580644
WEIGHTED_TEXT,"(1, 1)","(3, 5)",SVM C=0.3,0.6621004566210045,0.5824175824175825,0.4411764705882353
CAPTION_ONLY,"(1, 1)","(3, 5)",Logistic C=2,0.6620624048706241,0.6483516483516484,0.4666666666666667
WEIGHTED_TEXT,"(1, 1)","(3, 5)",Logistic C=10,0.6620624048706241,0.5934065934065934,0.463768115942029
WEIGHTED_TEXT,"(1, 1)","(3, 5)",Logistic C=5,0.662062404870624,0.5934065934065934,0.44776119402985076
WEIGHTED_TEXT,"(1, 1)","(3, 5)",SVM C=2,0.661986301369863,0.6263736263736264,0.5277777777777778
TAGS_ONLY,"(1, 4)","(3, 7)",Logistic C=10,0.6595129375951293,0.6043956043956044,0.4375
TAGS_ONLY,"(1, 2)","(3, 5)",SVM C=2,0.6594748858447488,0.5934065934065934,0.44776119402985076
CAPTION_TAGS,"(1, 4)","(3, 7)",Logistic C=2,0.6594368340943684,0.6043956043956044,0.4375
WEIGHTED_TEXT,"(1, 1)","(3, 5)",Logistic C=2,0.6593226788432267,0.6043956043956044,0.4
WEIGHTED_TEXT,"(1, 2)","(3, 5)",Logistic C=10,0.6592846270928463,0.5934065934065934,0.4307692307692308
CAPTION_TAGS,"(1, 1)","(3, 5)",Logistic C=2,0.6592846270928462,0.6043956043956044,0.41935483870967744
WEIGHTED_TEXT,"(1, 2)","(3, 5)",Logistic C=5,0.6592465753424658,0.5934065934065934,0.4126984126984127
TAGS_ONLY,"(1, 3)","(3, 6)",SVM C=2,0.6567351598173516,0.6043956043956044,0.45454545454545453
TAGS_ONLY,"(1, 2)","(3, 5)",Logistic C=2,0.6566971080669711,0.5714285714285714,0.36065573770491804
WEIGHTED_TEXT,"(1, 1)","(3, 5)",SVM C=0.1,0.6566210045662102,0.6263736263736264,0.39285714285714285
WEIGHTED_TEXT,"(1, 1)","(3, 5)",Logistic C=1,0.6566210045662102,0.6153846153846154,0.38596491228070173
CAPTION_TAGS,"(1, 1)","(3, 5)",SVM C=0.5,0.6565068493150685,0.6043956043956044,0.47058823529411764
CAPTION_ONLY,"(1, 1)","(3, 5)",SVM C=0.3,0.6565068493150684,0.6153846153846154,0.47761194029850745
CAPTION_ONLY,"(1, 1)","(3, 5)",Logistic C=5,0.6565068493150684,0.6043956043956044,0.45454545454545453
WEIGHTED_TEXT,"(1, 1)","(3, 5)",SVM C=0.5,0.656468797564688,0.6043956043956044,0.4857142857142857
WEIGHTED_TEXT,"(1, 1)","(3, 5)",SVM C=1,0.6564687975646879,0.6263736263736264,0.5277777777777778
CAPTION_ONLY,"(1, 1)","(3, 5)",Logistic C=10,0.6564687975646879,0.6043956043956044,0.47058823529411764
TAGS_ONLY,"(1, 4)","(3, 7)",SVM C=0.3,0.6540334855403348,0.5824175824175825,0.3870967741935484
TAGS_ONLY,"(1, 3)","(3, 6)",Logistic C=2,0.6539954337899543,0.5604395604395604,0.3333333333333333
TAGS_ONLY,"(1, 4)","(3, 7)",Logistic C=2,0.6539954337899543,0.5494505494505495,0.3050847457627119
TAGS_ONLY,"(1, 3)","(3, 6)",SVM C=1,0.6539573820395738,0.6043956043956044,0.4375
TAGS_ONLY,"(1, 3)","(3, 6)",Logistic C=10,0.6539193302891932,0.6043956043956044,0.4375
TAGS_ONLY,"(1, 3)","(3, 6)",SVM C=5,0.6539193302891932,0.5934065934065934,0.44776119402985076
WEIGHTED_TEXT,"(1, 4)","(3, 7)",Logistic C=2,0.6538812785388128,0.6043956043956044,0.4375
CAPTION_ONLY,"(1, 1)","(3, 5)",SVM C=0.5,0.6536910197869101,0.6153846153846154,0.4927536231884058
TAGS_ONLY,"(1, 4)","(3, 7)",Logistic C=5,0.6512176560121766,0.5824175824175825,0.3870967741935484
TAGS_ONLY,"(1, 4)","(3, 7)",SVM C=1,0.6512176560121765,0.6043956043956044,0.45454545454545453
TAGS_ONLY,"(1, 3)","(3, 6)",Logistic C=5,0.6511796042617961,0.5824175824175825,0.3870967741935484
TAGS_ONLY,"(1, 3)","(3, 6)",SVM C=0.5,0.6511415525114155,0.5824175824175825,0.3870967741935484
CAPTION_TAGS,"(1, 1)","(3, 5)",SVM C=0.1,0.6510273972602739,0.6153846153846154,0.38596491228070173
TAGS_ONLY,"(1, 4)","(3, 7)",SVM C=0.5,0.6484018264840183,0.6043956043956044,0.4375
TAGS_ONLY,"(1, 2)","(3, 5)",SVM C=1,0.6484018264840182,0.5824175824175825,0.40625
WEIGHTED_TEXT,"(1, 2)","(3, 5)",Logistic C=1,0.6482496194824962,0.6373626373626373,0.42105263157894735
TAGS_ONLY,"(1, 1)","(3, 5)",SVM C=2,0.6482496194824962,0.6043956043956044,0.45454545454545453
TAGS_ONLY,"(1, 4)","(3, 7)",SVM C=10,0.6457001522070015,0.6153846153846154,0.47761194029850745
TAGS_ONLY,"(1, 3)","(3, 6)",SVM C=0.3,0.645662100456621,0.5824175824175825,0.3870967741935484
TAGS_ONLY,"(1, 2)","(3, 5)",SVM C=0.3,0.6456240487062403,0.5824175824175825,0.3870967741935484
CAPTION_TAGS,"(1, 2)","(3, 5)",Logistic C=1,0.6455859969558599,0.6263736263736264,0.41379310344827586
TAGS_ONLY,"(1, 2)","(3, 5)",SVM C=0.5,0.6455859969558599,0.5824175824175825,0.3870967741935484
TAGS_ONLY,"(1, 2)","(3, 5)",Logistic C=5,0.6455479452054794,0.5934065934065934,0.4126984126984127
TAGS_ONLY,"(1, 1)","(3, 5)",Logistic C=1,0.6455479452054794,0.5384615384615384,0.27586206896551724
CAPTION_TAGS,"(1, 1)","(3, 5)",Logistic C=1,0.6455098934550989,0.6153846153846154,0.38596491228070173
TAGS_ONLY,"(1, 4)","(3, 7)",SVM C=2,0.6428843226788432,0.6043956043956044,0.45454545454545453
CAPTION_TAGS,"(1, 2)","(3, 5)",SVM C=0.1,0.6428082191780822,0.6153846153846154,0.4067796610169492
TAGS_ONLY,"(1, 1)","(3, 5)",SVM C=0.1,0.6427701674277017,0.5714285714285714,0.3157894736842105
WEIGHTED_TEXT,"(1, 2)","(3, 5)",SVM C=0.1,0.6427321156773211,0.6373626373626373,0.42105263157894735
TAGS_ONLY,"(1, 1)","(3, 5)",SVM C=1,0.6427321156773211,0.6043956043956044,0.45454545454545453
CAPTION_ONLY,"(1, 1)","(3, 5)",SVM C=0.1,0.6426940639269405,0.6153846153846154,0.38596491228070173
CAPTION_TAGS,"(1, 4)","(3, 7)",Logistic C=1,0.640144596651446,0.6043956043956044,0.4
TAGS_ONLY,"(1, 4)","(3, 7)",SVM C=5,0.6401065449010654,0.6153846153846154,0.47761194029850745
CAPTION_ONLY,"(1, 4)","(3, 7)",Logistic C=1,0.6400304414003044,0.6153846153846154,0.4262295081967213
TAGS_ONLY,"(1, 1)","(3, 5)",Logistic C=10,0.6400304414003044,0.5934065934065934,0.44776119402985076
TAGS_ONLY,"(1, 1)","(3, 5)",Logistic C=2,0.6400304414003044,0.5714285714285714,0.36065573770491804
CAPTION_ONLY,"(1, 4)","(3, 7)",SVM C=0.1,0.6372907153729072,0.6153846153846154,0.4262295081967213
WEIGHTED_TEXT,"(1, 1)","(3, 5)",Logistic C=0.5,0.6372146118721461,0.5934065934065934,0.27450980392156865
CAPTION_ONLY,"(1, 1)","(3, 5)",Logistic C=1,0.6371765601217656,0.6263736263736264,0.41379310344827586
CAPTION_ONLY,"(1, 2)","(3, 5)",Logistic C=1,0.637138508371385,0.6263736263736264,0.43333333333333335
CAPTION_TAGS,"(1, 3)","(3, 6)",Logistic C=1,0.6345890410958904,0.6153846153846154,0.4067796610169492
CAPTION_TAGS,"(1, 4)","(3, 7)",SVM C=0.1,0.6345890410958904,0.5934065934065934,0.39344262295081966
TAGS_ONLY,"(1, 1)","(3, 5)",Logistic C=5,0.6345129375951293,0.5934065934065934,0.4307692307692308
TAGS_ONLY,"(1, 1)","(3, 5)",SVM C=0.5,0.6345129375951293,0.5934065934065934,0.44776119402985076
WEIGHTED_TEXT,"(1, 3)","(3, 6)",SVM C=0.1,0.631773211567732,0.6043956043956044,0.3793103448275862
WEIGHTED_TEXT,"(1, 4)","(3, 7)",Logistic C=1,0.631773211567732,0.5824175824175825,0.3448275862068966
CAPTION_ONLY,"(1, 3)","(3, 6)",SVM C=0.1,0.6316971080669711,0.6153846153846154,0.4067796610169492
CAPTION_ONLY,"(1, 2)","(3, 5)",SVM C=0.1,0.63162100456621,0.6263736263736264,0.43333333333333335
CAPTION_TAGS,"(1, 3)","(3, 6)",SVM C=0.1,0.6290334855403349,0.6043956043956044,0.4
TAGS_ONLY,"(1, 1)","(3, 5)",Logistic C=0.5,0.6290334855403348,0.5494505494505495,0.22641509433962265
WEIGHTED_TEXT,"(1, 3)","(3, 6)",Logistic C=1,0.6289954337899543,0.6153846153846154,0.38596491228070173
CAPTION_TAGS,"(1, 1)","(3, 5)",Logistic C=0.5,0.6289573820395737,0.5934065934065934,0.27450980392156865
WEIGHTED_TEXT,"(1, 4)","(3, 7)",SVM C=0.1,0.6289573820395737,0.5824175824175825,0.3448275862068966
TAGS_ONLY,"(1, 1)","(3, 5)",SVM C=0.3,0.6289573820395737,0.5714285714285714,0.4
CAPTION_ONLY,"(1, 3)","(3, 6)",Logistic C=1,0.6289193302891933,0.6153846153846154,0.4067796610169492
CAPTION_ONLY,"(1, 1)","(3, 5)",Logistic C=0.5,0.626103500761035,0.5714285714285714,0.23529411764705882
TAGS_ONLY,"(1, 4)","(3, 7)",Logistic C=1,0.6234398782343988,0.5604395604395604,0.3103448275862069
TAGS_ONLY,"(1, 2)","(3, 5)",Logistic C=1,0.6207001522070015,0.5714285714285714,0.3157894736842105
TAGS_ONLY,"(1, 4)","(3, 7)",SVM C=0.1,0.6206621004566211,0.5604395604395604,0.3103448275862069
CAPTION_TAGS,"(1, 2)","(3, 5)",Logistic C=0.5,0.6206240487062404,0.6153846153846154,0.2857142857142857
TAGS_ONLY,"(1, 3)","(3, 6)",Logistic C=1,0.6179604261796043,0.5714285714285714,0.3157894736842105
TAGS_ONLY,"(1, 4)","(3, 7)",Logistic C=0.5,0.6179604261796043,0.5714285714285714,0.23529411764705882
CAPTION_TAGS,"(1, 3)","(3, 6)",Logistic C=0.5,0.6178843226788433,0.6043956043956044,0.28
CAPTION_TAGS,"(1, 4)","(3, 7)",Logistic C=0.5,0.6178843226788433,0.6043956043956044,0.28
WEIGHTED_TEXT,"(1, 3)","(3, 6)",Logistic C=0.5,0.6178462709284627,0.6153846153846154,0.2857142857142857
CAPTION_ONLY,"(1, 2)","(3, 5)",Logistic C=0.5,0.6178082191780823,0.5934065934065934,0.24489795918367346
TAGS_ONLY,"(1, 3)","(3, 6)",SVM C=0.1,0.6151826484018265,0.5714285714285714,0.3157894736842105
TAGS_ONLY,"(1, 2)","(3, 5)",SVM C=0.1,0.6151826484018265,0.5604395604395604,0.3103448275862069
TAGS_ONLY,"(1, 1)","(3, 5)",Logistic C=0.3,0.6151445966514459,0.6043956043956044,0.25
WEIGHTED_TEXT,"(1, 4)","(3, 7)",Logistic C=0.5,0.6151065449010655,0.6043956043956044,0.28
TAGS_ONLY,"(1, 1)","(3, 5)",SVM C=0.03,0.6150684931506849,0.5934065934065934,0.2127659574468085
TAGS_ONLY,"(1, 2)","(3, 5)",Logistic C=0.3,0.6150304414003045,0.6043956043956044,0.25
TAGS_ONLY,"(1, 4)","(3, 7)",Logistic C=0.3,0.6150304414003045,0.6043956043956044,0.25
TAGS_ONLY,"(1, 3)","(3, 6)",Logistic C=0.5,0.6124429223744292,0.5604395604395604,0.23076923076923078
WEIGHTED_TEXT,"(1, 2)","(3, 5)",Logistic C=0.5,0.6122907153729071,0.6043956043956044,0.25
CAPTION_ONLY,"(1, 3)","(3, 6)",Logistic C=0.5,0.6122907153729071,0.5934065934065934,0.24489795918367346
TAGS_ONLY,"(1, 3)","(3, 6)",Logistic C=0.3,0.6122526636225267,0.6043956043956044,0.25
TAGS_ONLY,"(1, 2)","(3, 5)",Logistic C=0.5,0.6096651445966514,0.5604395604395604,0.23076923076923078
TAGS_ONLY,"(1, 3)","(3, 6)",SVM C=0.03,0.609474885844749,0.6263736263736264,0.22727272727272727
TAGS_ONLY,"(1, 2)","(3, 5)",SVM C=0.03,0.609474885844749,0.6043956043956044,0.21739130434782608
CAPTION_TAGS,"(1, 4)","(3, 7)",Logistic C=0.3,0.6094368340943683,0.6263736263736264,0.22727272727272727
WEIGHTED_TEXT,"(1, 4)","(3, 7)",Logistic C=0.3,0.6094368340943683,0.6153846153846154,0.2222222222222222
TAGS_ONLY,"(1, 4)","(3, 7)",SVM C=0.03,0.6066971080669712,0.6263736263736264,0.22727272727272727
CAPTION_TAGS,"(1, 1)","(3, 5)",Logistic C=0.3,0.6066971080669712,0.6043956043956044,0.18181818181818182
WEIGHTED_TEXT,"(1, 1)","(3, 5)",Logistic C=0.3,0.6066971080669712,0.5934065934065934,0.17777777777777778
CAPTION_TAGS,"(1, 2)","(3, 5)",SVM C=0.03,0.6066590563165906,0.6153846153846154,0.18604651162790697
CAPTION_TAGS,"(1, 3)","(3, 6)",SVM C=0.03,0.6066590563165906,0.6153846153846154,0.18604651162790697
CAPTION_TAGS,"(1, 4)","(3, 7)",SVM C=0.03,0.6066590563165906,0.6153846153846154,0.18604651162790697
WEIGHTED_TEXT,"(1, 2)","(3, 5)",SVM C=0.03,0.6066590563165906,0.6153846153846154,0.18604651162790697
WEIGHTED_TEXT,"(1, 3)","(3, 6)",SVM C=0.03,0.6066590563165906,0.6153846153846154,0.18604651162790697
CAPTION_ONLY,"(1, 4)","(3, 7)",Logistic C=0.5,0.6040334855403349,0.6043956043956044,0.3076923076923077
CAPTION_TAGS,"(1, 3)","(3, 6)",Logistic C=0.3,0.6039193302891934,0.6263736263736264,0.22727272727272727
WEIGHTED_TEXT,"(1, 3)","(3, 6)",Logistic C=0.3,0.6039193302891934,0.6263736263736264,0.22727272727272727
CAPTION_ONLY,"(1, 2)","(3, 5)",Logistic C=0.3,0.6039193302891934,0.6153846153846154,0.18604651162790697
CAPTION_ONLY,"(1, 3)","(3, 6)",Logistic C=0.3,0.6039193302891934,0.6153846153846154,0.18604651162790697
CAPTION_ONLY,"(1, 4)","(3, 7)",Logistic C=0.3,0.6039193302891934,0.6153846153846154,0.18604651162790697
WEIGHTED_TEXT,"(1, 4)","(3, 7)",SVM C=0.03,0.6038812785388128,0.6263736263736264,0.22727272727272727
CAPTION_ONLY,"(1, 1)","(3, 5)",SVM C=0.03,0.6011415525114157,0.6263736263736264,0.19047619047619047
CAPTION_TAGS,"(1, 2)","(3, 5)",Logistic C=0.3,0.6011415525114157,0.6153846153846154,0.18604651162790697
CAPTION_ONLY,"(1, 1)","(3, 5)",Logistic C=0.3,0.6011415525114157,0.5934065934065934,0.17777777777777778
CAPTION_TAGS,"(1, 4)","(3, 7)",Logistic C=0.1,0.601103500761035,0.5934065934065934,0.0
WEIGHTED_TEXT,"(1, 2)","(3, 5)",Logistic C=0.3,0.5983637747336379,0.6263736263736264,0.22727272727272727
CAPTION_ONLY,"(1, 2)","(3, 5)",SVM C=0.03,0.5983637747336379,0.6153846153846154,0.14634146341463414
CAPTION_ONLY,"(1, 3)","(3, 6)",SVM C=0.03,0.5983637747336379,0.6153846153846154,0.14634146341463414
CAPTION_TAGS,"(1, 1)","(3, 5)",SVM C=0.03,0.5983637747336379,0.6153846153846154,0.18604651162790697
WEIGHTED_TEXT,"(1, 1)","(3, 5)",SVM C=0.03,0.5983637747336379,0.6153846153846154,0.18604651162790697
CAPTION_ONLY,"(1, 4)","(3, 7)",SVM C=0.03,0.5983637747336379,0.6043956043956044,0.14285714285714285
WEIGHTED_TEXT,"(1, 4)","(3, 7)",Logistic C=0.1,0.5983637747336379,0.5934065934065934,0.0
CAPTION_ONLY,"(1, 1)","(3, 5)",Logistic C=0.01,0.59558599695586,0.5934065934065934,0.0
CAPTION_ONLY,"(1, 1)","(3, 5)",Logistic C=0.03,0.59558599695586,0.5934065934065934,0.0
CAPTION_ONLY,"(1, 1)","(3, 5)",Logistic C=0.1,0.59558599695586,0.5934065934065934,0.0
CAPTION_ONLY,"(1, 1)","(3, 5)",SVM C=0.01,0.59558599695586,0.5934065934065934,0.0
CAPTION_ONLY,"(1, 2)","(3, 5)",Logistic C=0.01,0.59558599695586,0.5934065934065934,0.0
CAPTION_ONLY,"(1, 2)","(3, 5)",Logistic C=0.03,0.59558599695586,0.5934065934065934,0.0
CAPTION_ONLY,"(1, 2)","(3, 5)",Logistic C=0.1,0.59558599695586,0.5934065934065934,0.0
CAPTION_ONLY,"(1, 2)","(3, 5)",SVM C=0.01,0.59558599695586,0.5934065934065934,0.0
CAPTION_ONLY,"(1, 3)","(3, 6)",Logistic C=0.01,0.59558599695586,0.5934065934065934,0.0
CAPTION_ONLY,"(1, 3)","(3, 6)",Logistic C=0.03,0.59558599695586,0.5934065934065934,0.0
CAPTION_ONLY,"(1, 3)","(3, 6)",Logistic C=0.1,0.59558599695586,0.5934065934065934,0.0
CAPTION_ONLY,"(1, 3)","(3, 6)",SVM C=0.01,0.59558599695586,0.5934065934065934,0.0
CAPTION_ONLY,"(1, 4)","(3, 7)",Logistic C=0.01,0.59558599695586,0.5934065934065934,0.0
CAPTION_ONLY,"(1, 4)","(3, 7)",Logistic C=0.03,0.59558599695586,0.5934065934065934,0.0
CAPTION_ONLY,"(1, 4)","(3, 7)",Logistic C=0.1,0.59558599695586,0.5934065934065934,0.0
CAPTION_ONLY,"(1, 4)","(3, 7)",SVM C=0.01,0.59558599695586,0.5934065934065934,0.0
TAGS_ONLY,"(1, 1)","(3, 5)",Logistic C=0.01,0.59558599695586,0.5934065934065934,0.0
TAGS_ONLY,"(1, 1)","(3, 5)",Logistic C=0.03,0.59558599695586,0.5934065934065934,0.0
TAGS_ONLY,"(1, 1)","(3, 5)",SVM C=0.01,0.59558599695586,0.5934065934065934,0.0
TAGS_ONLY,"(1, 2)","(3, 5)",Logistic C=0.01,0.59558599695586,0.5934065934065934,0.0
TAGS_ONLY,"(1, 2)","(3, 5)",Logistic C=0.03,0.59558599695586,0.5934065934065934,0.0
TAGS_ONLY,"(1, 2)","(3, 5)",Logistic C=0.1,0.59558599695586,0.5934065934065934,0.0
TAGS_ONLY,"(1, 2)","(3, 5)",SVM C=0.01,0.59558599695586,0.5934065934065934,0.0
TAGS_ONLY,"(1, 3)","(3, 6)",Logistic C=0.01,0.59558599695586,0.5934065934065934,0.0
TAGS_ONLY,"(1, 3)","(3, 6)",Logistic C=0.03,0.59558599695586,0.5934065934065934,0.0
TAGS_ONLY,"(1, 3)","(3, 6)",Logistic C=0.1,0.59558599695586,0.5934065934065934,0.0
TAGS_ONLY,"(1, 3)","(3, 6)",SVM C=0.01,0.59558599695586,0.5934065934065934,0.0
TAGS_ONLY,"(1, 4)","(3, 7)",Logistic C=0.01,0.59558599695586,0.5934065934065934,0.0
TAGS_ONLY,"(1, 4)","(3, 7)",Logistic C=0.03,0.59558599695586,0.5934065934065934,0.0
TAGS_ONLY,"(1, 4)","(3, 7)",Logistic C=0.1,0.59558599695586,0.5934065934065934,0.0
TAGS_ONLY,"(1, 4)","(3, 7)",SVM C=0.01,0.59558599695586,0.5934065934065934,0.0
CAPTION_TAGS,"(1, 1)","(3, 5)",Logistic C=0.01,0.59558599695586,0.5934065934065934,0.0
CAPTION_TAGS,"(1, 1)","(3, 5)",Logistic C=0.03,0.59558599695586,0.5934065934065934,0.0
CAPTION_TAGS,"(1, 1)","(3, 5)",Logistic C=0.1,0.59558599695586,0.5934065934065934,0.0
CAPTION_TAGS,"(1, 1)","(3, 5)",SVM C=0.01,0.59558599695586,0.5934065934065934,0.0
CAPTION_TAGS,"(1, 2)","(3, 5)",Logistic C=0.01,0.59558599695586,0.5934065934065934,0.0
CAPTION_TAGS,"(1, 2)","(3, 5)",Logistic C=0.03,0.59558599695586,0.5934065934065934,0.0
CAPTION_TAGS,"(1, 2)","(3, 5)",Logistic C=0.1,0.59558599695586,0.5934065934065934,0.0
CAPTION_TAGS,"(1, 2)","(3, 5)",SVM C=0.01,0.59558599695586,0.5934065934065934,0.0
CAPTION_TAGS,"(1, 3)","(3, 6)",Logistic C=0.01,0.59558599695586,0.5934065934065934,0.0
CAPTION_TAGS,"(1, 3)","(3, 6)",Logistic C=0.03,0.59558599695586,0.5934065934065934,0.0
CAPTION_TAGS,"(1, 3)","(3, 6)",Logistic C=0.1,0.59558599695586,0.5934065934065934,0.0
CAPTION_TAGS,"(1, 3)","(3, 6)",SVM C=0.01,0.59558599695586,0.5934065934065934,0.0
CAPTION_TAGS,"(1, 4)","(3, 7)",Logistic C=0.01,0.59558599695586,0.5934065934065934,0.0
CAPTION_TAGS,"(1, 4)","(3, 7)",Logistic C=0.03,0.59558599695586,0.5934065934065934,0.0
CAPTION_TAGS,"(1, 4)","(3, 7)",SVM C=0.01,0.59558599695586,0.5934065934065934,0.0
WEIGHTED_TEXT,"(1, 1)","(3, 5)",Logistic C=0.01,0.59558599695586,0.5934065934065934,0.0
WEIGHTED_TEXT,"(1, 1)","(3, 5)",Logistic C=0.03,0.59558599695586,0.5934065934065934,0.0
WEIGHTED_TEXT,"(1, 1)","(3, 5)",Logistic C=0.1,0.59558599695586,0.5934065934065934,0.0
WEIGHTED_TEXT,"(1, 1)","(3, 5)",SVM C=0.01,0.59558599695586,0.5934065934065934,0.0
WEIGHTED_TEXT,"(1, 2)","(3, 5)",Logistic C=0.01,0.59558599695586,0.5934065934065934,0.0
WEIGHTED_TEXT,"(1, 2)","(3, 5)",Logistic C=0.03,0.59558599695586,0.5934065934065934,0.0
WEIGHTED_TEXT,"(1, 2)","(3, 5)",Logistic C=0.1,0.59558599695586,0.5934065934065934,0.0
WEIGHTED_TEXT,"(1, 2)","(3, 5)",SVM C=0.01,0.59558599695586,0.5934065934065934,0.0
WEIGHTED_TEXT,"(1, 3)","(3, 6)",Logistic C=0.01,0.59558599695586,0.5934065934065934,0.0
WEIGHTED_TEXT,"(1, 3)","(3, 6)",Logistic C=0.03,0.59558599695586,0.5934065934065934,0.0
WEIGHTED_TEXT,"(1, 3)","(3, 6)",Logistic C=0.1,0.59558599695586,0.5934065934065934,0.0
WEIGHTED_TEXT,"(1, 3)","(3, 6)",SVM C=0.01,0.59558599695586,0.5934065934065934,0.0
WEIGHTED_TEXT,"(1, 4)","(3, 7)",Logistic C=0.01,0.59558599695586,0.5934065934065934,0.0
WEIGHTED_TEXT,"(1, 4)","(3, 7)",Logistic C=0.03,0.59558599695586,0.5934065934065934,0.0
WEIGHTED_TEXT,"(1, 4)","(3, 7)",SVM C=0.01,0.59558599695586,0.5934065934065934,0.0
TAGS_ONLY,"(1, 1)","(3, 5)",Logistic C=0.1,0.59558599695586,0.5824175824175825,0.0
