filename,caption,tags,actual,predicted,correct
38938347_733010527036345_8595253096376822373_n.jpg,A twist to an Indian dish 'pav bhaji ' Lettuce wrap with veggies. No grain meal. A grain free detox day.,,0,0,True
38941456_317130002179642_4342551852852707328_n.jpg,"My favourite pav bhaji at 'JHAKKAAS PAV BHAJI' , punjabi bagh .
They offer varieties of pav bhaji like plain , masala pav bhaji,cheese pav bhaji etc .and also the vada pao of different varieties and ofcourse of the best taste ever.
.
.
📍Venue: jhakkaas pav bhaji,punjabi bagh near club road 
Taste: 5/5
Worth the money: 5/5
Presentation:4.5/5
.
.
Tag those who love pav bhaji
.
.
Follow @foodiestocks for more amazing updates🌸
.
.
#tastyfood #delhifood #deliciousintaste #pavbhaji #deliciousfood #dilsedelhi #indianfood #foodiesticks #foodstram #foodstocks #foogasm #foodiebybirth #foodiebybirth #foodbeast #foodinsta #foodyforlife #foodography #foodcrush #foodie #foodphotography #foodlover #foodblogger #mycravings #dfordelhi #thatsmellsdelicious #thecravings #thecravingnomad",mycravings foodphotography foodblogger foodie foogasm thecravings indianfood foodography foodinsta foodlover dilsedelhi foodyforlife thecravingnomad foodstocks deliciousintaste delhifood dfordelhi foodiebybirth foodcrush thatsmellsdelicious tastyfood foodiesticks pavbhaji deliciousfood foodstram foodbeast,0,1,False
38957883_599338577128607_6962741774703919104_n.jpg,"What : Tandoori mahkana (fox nuts)
It is a perfect chakna with drinks plus good for people who are on diet as these are roasted having a perfect crunch. 
This cafe has roof top sitting as well which have beautiful interiors and it also serves some good quality sheesha. .
.
.
Where : Uncultured, Greater Kailash, Delhi.
.
.
.
Price : ₹295
.
.
.
#delhi#delhifoodie#streetfooddelhi#pavbhaji#delhi_igers#foodie#foodgasm#foodphotography#foodlover",foodlover foodphotography delhifoodie foodie pavbhaji delhi delhi_igers streetfooddelhi foodgasm,0,0,True
39779040_300201867452173_1883411367671627776_n.jpg,"NEW ACHIJA, GHATKOPAR.
CHEESE PAV BHAJI!!!
The best pav bhaji you ever had, or you will ever have, is waiting for you to get your hands greasy with butter!!
Happy Burping!!
#foodtalkindia #foodpic #food #foodie #foodporn #foodlove #foodblogger #foodcritic #foodphotography #foodphotographer #hungryyoungman #thefoodpunch #trellatalep #indianfoodtales #mumbai#ghatkopar #newlyopened  #youvote_ipost #achija #newachija #pavbhaji #bestintown #cheesse #cheesepavbhaji #buttery #pav #onion",foodphotography foodblogger mumbai cheesepavbhaji foodie foodphotographer hungryyoungman bestintown foodlove newachija pav buttery foodporn foodcritic cheesse newlyopened ghatkopar achija foodpic thefoodpunch indianfoodtales trellatalep food youvote_ipost pavbhaji onion foodtalkindia,1,1,True
39277089_226747934850723_3307498471484817408_n.jpg,"We just couldn't resist some hot spicy Pav Bhaji!! 😍😋
. 
Checked out this small restaurant in Lower Parel named 'Status'. This one is quite famous for its Pani Puri (also popularly known as GolGappa). Since we had already tried the Pani Puri here a couple of times, we decided to check in & try their Pav Bhaji (it was actually the irresistible smell of the hot Pav Bhaji that drew us in). We ordered Cheese Pav Bhaji (Rs 110) along with Jain Pav Bhaji (Rs 95). The Bhaji was served really hot & also the Pav (a type of Indian bread) was soft and melted butter was spread on top of it. Both the Jain & Cheese version of the Bhajis were decent in taste. Although the smell is really tempting, the Pav Bhaji didn't really live up to our expectations. However, it was definitely worth a try!!
. 
Our rating:
Ambience - 🤩🤩
Food - 🤩🤩🤩
Overall - 2.5/5
. 
Tag your Pav Bhaji loving friends with whom you wanna have this delectable Indian dish 😋
. 
You can post your food pics and reviews with #bhukkadsworld. Follow @thebhukkadsworld for more food updates, pics and reviews.
. 
Note: Prices mentioned are latest as of the date of this post
. 
#bhukkadsworld #pav #bhaji #pavbhaji #indianfood #indiansnack #indiandish #mumbaifood #mumbaifoodlovers #mumbaifoodies #instafood #instafoodies #instafoodlovers #instafoodporn #food #foodie #foodgasm #foodporn #foodstagram #lowerparel",mumbaifoodlovers mumbaifood indiandish mumbaifoodies bhaji food indiansnack foodie instafoodlovers pavbhaji pav instafood instafoodies foodporn lowerparel bhukkadsworld indianfood foodgasm foodstagram instafoodporn,0,1,False
39040771_843894492467427_2244683473782571008_n.jpg,"Amul Pavbhaji 😋
.
.
.
Follow @thefoodieengineers .
.
Rating 3.5/5
.
.
.
@pune_food_blogger
@punefoodhunt
@pune__shoutout
#pavbhaji #indianfood #mumbai #foodporn #delhi #food #foodie #yummy #foodphotography #like #mumbaifoodie #india #tasty #streetfood #marathi #pune #foodgasm #foodlover #dost #sodelhi #inspiration #lovestory #delhifoodblogger #pyaar #mumbaikars #bandra #bandstand #dharavi #navimumbaikar",foodphotography mumbai foodie mumbaifoodie indianfood foodlover mumbaikars lovestory bandstand foodporn like pune india pyaar bandra inspiration yummy dost delhifoodblogger foodgasm food tasty navimumbaikar streetfood pavbhaji delhi dharavi sodelhi marathi,1,1,True
39687813_235963710399351_2723231203804053504_n.jpg,"Good Morning fam 😍
.
.
◾What ?
BATATA VADA WITH CRINKLED FRIES 👌
.
One of the sole starter of maharashtra 
with high on red chilly and many other spices ! 🌶
.
.
follow @rassasy_delight  for more updates
.
.
Place - The darzi cafe (3.5/5 ) 
Food - (3.5/5)
Price - 155 bucks 💵
.
.
..
#fries #noida #delhigram #kerala #delhidiaries #delhi #delhi_igers #waiwai #somumbai #sodelhi #bengaluru  #mumbaidiaries #kolkata #sokolkata #delhifoodblogger #panipuri #kolkatadiaries #pavbhaji #kolkatagram #westbengal #delhifoodie #nepal #mumbaifoodie #mumbai #golgappe #golgappa #indianfood #biriyani #chicken",westbengal delhifoodie mumbai sokolkata panipuri mumbaifoodie fries kolkatadiaries waiwai indianfood chicken mumbaidiaries delhidiaries golgappa kolkatagram golgappe kerala nepal delhifoodblogger somumbai kolkata biriyani delhigram pavbhaji delhi bengaluru noida delhi_igers sodelhi,0,0,True
39342350_2146853812197720_7723240385287290880_n.jpg,"Try out Cheese pavbhaji,Spicy paneer pizza, Tripple rice @memrfoody 
#foodfortought #foodblog #foodie #foodtalk #f #foodlover #feedfeed #foodpics #food #foodphotography #foodtalkmumbai #foodporn #foodgasm #foodtalkindia #foodoftheday #foodstargram #cheesepavbhaji #pavbhaji #pizza #paneerpizza #rice #noodles #tripleschezwanfriedrice #mrfoody #mumbai",mrfoody foodphotography cheesepavbhaji mumbai foodie tripleschezwanfriedrice foodpics paneerpizza foodlover foodfortought foodporn foodblog foodstargram rice foodtalk foodtalkmumbai noodles pizza f food foodoftheday feedfeed pavbhaji foodtalkindia foodgasm,1,1,True
39601938_2068926296753475_5237131972253319168_n.jpg,"Masala Pav Bhaji............. Follow @dil_se_chatore for more updates!
.
#dilsechatore#pavbhaji#buttery#creamy
#local#mumbai#foods#look#like#smile#amazing##food #foodporn #yum #instafood #yummy #amazing #instagood #photooftheday #fresh #tasty #foodie #delish #delicious #eating #foodpic #foodpics #eat #hungry #foodgasm #hot #foods",mumbai foodie smile hot eating delicious foodpics amazing delish hungry photooftheday instafood buttery foodporn look fresh like yum creamy yummy instagood foodpic foods food tasty eat pavbhaji dilsechatore local foodgasm,1,1,True
39318287_231516440847353_5723374746070941696_n.jpg,#foodgasm #foodporn #foodlover #southindianfood #masaladosa #pavbhaji #foodphotography #sweetphotography #lovephotography #photolovers #photography #photographer #photooftheday #pictureoftheday #pics #kolkatadiaries #kolkata_calcutta_city #kolkatafoodie,foodlover photooftheday foodphotography lovephotography photolovers pics pavbhaji photographer masaladosa photography pictureoftheday kolkatadiaries foodporn southindianfood foodgasm kolkata_calcutta_city kolkatafoodie sweetphotography,0,0,True
39887366_304157750363826_2594978047211864064_n.jpg,Where is the Bhaji?? 🤔 #pavbhaji #cheese #streetfood #mumbai #foodporn #foodie,mumbai foodie streetfood pavbhaji foodporn cheese,1,0,False
39946887_1433874583382805_5873776821375336448_n.jpg,"•
•
•
•
•
#food #foodporn #foodie #comfortfood #tasty #vadilal #happiness #yummyfood #jodhpur #corn #foodstagram #foodielife #deliciousness @jodhpurfoodie @jodhpur_foodie_cafes @foodmaniacindia @foodiesofindia  @thecrazyindianfoodie  @thecrazyindianfoodie @jodhpurfoodworld @desserts.opassion @mumbaifoodcrush @therawtextures @hey.delhi  @hey.mumbai @hungrychokro_escapades @splendideats  @hungrito#food #foodporn #foodie #comfortfood #tasty #vadilal #happiness #like4like #followforfollow #fff #yummyfood #jodhpur #corn #foodstagram #repostit #repostiftagged #foodielife #deliciousness @jodhpurfoodie @jodhpur_foodie_cafes @foodmaniacindia @foodiesofindia @thecrazyindianfoodie  @thecrazyindianfoodie@thecrazyindianfoodie  @thecrazyindianfoodie @jodhpurfoodworld @desserts.passion @mumbaifoodcrush @therawtextures @hey.delhi  @cakebakerybeauty  @food_first_always @foodjournal_mumbai @buzzfeedfood @foodyvid @foodys @foodelhi @wearegurgaon_ @thepunefoodie @foodiefrombombay  @lighthouse_foodie  @foodievid @hungrito @manchibaba@manchibaba @thefoodpunch @splendideats @foodofgoa #pavbhaji @food_ys#food #foodporn #foodie #comfortfood #tasty #vadilal #happiness #yummyfood #jodhpur #corn #foodstagram #foodielife #deliciousness @jodhpurfoodie @jodhpur_foodie_cafes @foodmaniacindia @foodiesofindia  @thecrazyindianfoodie  @thecrazyindianfoodie @jodhpurfoodworld @desserts.passion @mumbaifoodcrush @therawtextures @hey.delhi  @hey.mumbai @hungrychokro_escapades @splendideats  @hungrito @ashokala_design @bricks_restaurant_n_bakers",repostit fff vadilal food tasty deliciousness happiness foodie corn repostiftagged pavbhaji yummyfood comfortfood foodporn followforfollow jodhpur foodielife foodstagram like4like,0,0,True
39810522_2065251833506122_6768139533826392064_n.jpg,"Pav Bhaji and Vada Pav is probably the best combination I have ever had 😍
The other day I was exploring Dwarka and I found this shop.
They sell different varieties of Pav Bhaji, Vada Pav and Tawa Pulao.
This place is a must must go.
The food is really good.
What: Pav Bhaji and Vada Pav
Where: FingerLickerz, Dwarka
#pavbhaji #vadapao #fingerlickerz #foodie #foodblogger #foodphotography #foodporn #dwarkafoodies #dwarka #dwarkadiaries #post #pictureoftheday #saturday #insta #instamusic #instagram #follower #follow_me #follow4follow #comment4comment #likeforlikes #likeforlike👍 #fff #fun #love #amazing #instag #tag #followme",follow4follow fun foodphotography foodblogger foodie followme dwarkafoodies likeforlike amazing vadapao follower insta foodporn fingerlickerz post instamusic love tag dwarkadiaries fff instag follow_me dwarka instagram saturday pavbhaji comment4comment pictureoftheday likeforlikes,1,1,True
39238605_2133945243539883_7666761084308553728_n.jpg,"Heer-Ranjha
Romeo-Juliet
Veer-Zara
Barish-Pav bhaji 🤪
.
.
This one from @dadussweet , Pune was such a treat. Hot spicy street style bhaji with easy to eat crisp cubes of Pav. And look at that butter, there is always loads of extra butter making bhaji heavenly ! .
.
Location: Dadu’s , Pune
.
.
#foodinsta #foodstyling #foodphotography #indianfoodbloggers #pune #foodlove #foodgasm #pavbhaji #foodgram #foodblogfeed #buzzfeast #instadaily #vada #instafood #foodie #eeeeeats #sopune #bhaji #instayum #foodphoto #dailyfoodfeed #f52grams #thelittlefatgirl #foodstagram
#bangaloreblogger #foodblogger",foodgram foodphotography bhaji instayum foodblogger foodie indianfoodbloggers buzzfeast f52grams sopune dailyfoodfeed foodstyling foodlove foodinsta foodblogfeed instafood instadaily bangaloreblogger pune thelittlefatgirl foodstagram eeeeeats foodphoto vada pavbhaji foodgasm,1,1,True
39851009_258063608370030_1983295779942432768_n.jpg,"My all time obsession, “PavBhaji and love for Blue”
.
#indianfood #pavbhaji #indiancuisine #cookandeat #memorableweekend #blue #crocery #goodfood #healthyfood #guidelines #curves #foodphotography #foodphotographer #foodfood #foodgasm #food #cooking #foodstagram #eatandtreats #eatrepeat #iphonephotography #mchaitaliphotography",healthyfood foodphotography cookandeat blue foodphotographer indianfood crocery eatrepeat cooking iphonephotography goodfood curves guidelines foodstagram memorableweekend mchaitaliphotography indiancuisine food pavbhaji foodfood foodgasm eatandtreats,0,1,False
39245148_522742524814674_5437082448141746176_n.jpg,"Street style Pav bhaji made at home.. Taste bhi health bhi 💯 .
.
Follow @nirvana_taste to stay updated with all the latest updates!! .
👉🏻 Follow: @nirvana_taste
.
.
#nirvana_taste #pavbhaji #homemade #healthy #wheatbun #amulbutter #yummy #weekend #sundayvibes #foodie #chandigarhfoodblogger #foodporn #foodgasm #foodstagram #instagood #instafood #foodlover #l4l #follow4follow",instagood follow4follow foodlover weekend sundayvibes wheatbun amulbutter foodgasm foodie pavbhaji nirvana_taste healthy instafood foodporn foodstagram chandigarhfoodblogger yummy homemade l4l,1,1,True
39494000_2071364902888258_91722900666580992_n.jpg,#pavbhaji #homemade #cooking #indianfood 😍,pavbhaji indianfood cooking homemade,1,1,True
39314883_2040672075977599_5096744300394315776_n.jpg,"Throwback to friday night dinner spread
Don't forget to swipe left",,0,0,True
25007049_1999304547019423_8482995541326692352_n.jpg,#panipuri #pavbhaji #gulabjamun #kulfi #idiev #idli #vada #tundercoconut #fishfry #samosa #butterchicken #limesoda #biryani #palakpaneer #ladoo #jalebi #vadapav #chapathi #masaladosa #pickle #foodlover #foodillustration #sticker #snapchats #indianfood #spicy #satishgangaiah #streetfood #worldfood #emojis,emojis vadapav worldfood panipuri chapathi sticker indianfood fishfry butterchicken foodlover snapchats ladoo spicy idiev palakpaneer idli biryani masaladosa tundercoconut samosa limesoda kulfi foodillustration satishgangaiah vada jalebi streetfood pavbhaji gulabjamun pickle,0,0,True
39486373_1875982422707833_1088529104342351872_n.jpg,"One box of Healthy heart mix is 94% lower on fat compared to pav bhaji
#NutriSprout, Nutrition simplified
To know more, click link in bio!
#pavbhaji
#streetfood
#fat
#healthcare
#healthy
#heart
#organic
#sprouts
#love
#food
#recipes
#health
#care
#fitness
#eating
#stayhealthy
#happyhealthy
#diet
#eathealthy
#healthyliving
#healthyfood",eathealthy healthyfood stayhealthy healthy recipes eating NutriSprout diet health sprouts fat love heart organic care happyhealthy food fitness streetfood pavbhaji healthyliving healthcare,0,0,True
39929912_2133051663577600_9114313746238406656_n.jpg,Pav Bhaji at Mumbai’s Juhu Beach. 2014. 🇮🇳 #India #Mumbai #Bombay #streetfood #pavbhaji #yummy #somuchbutter #sodelicious #instafood #instatravel #globetrotter #travel #wanderlust #foodie #instapassport #wander #becurious,Bombay India globetrotter travel instapassport Mumbai wander foodie instatravel streetfood pavbhaji instafood somuchbutter sodelicious yummy becurious wanderlust,0,1,False
39103471_287554878495926_2149356163546742784_n.jpg,"A world-famous fast food dish or perhaps the king of the street food from the western state of Maharashtra - Pav Bhaji is an amalgamation of vegetables gingered up with a unique blend of spices served with soft bread roll. Having originated during the thriving textile industry business in Mumbai, 
Pav Bhaji was invented as a midnight dish by street food vendors, made with all the leftover vegetables from the day, mashed up together, with loads of added spice, and butter. Bhaji is the Marathi word for a vegetable dish, and pav probably comes from the Portuguese word for bread. A mixture of vegetables mashed into a rich red-orange coloured spice mixture. Pav Bhaji is a flavourful combination of spicy and tangy, and is eaten with raw onions, a squeeze of lime and a dollop of butter.... .
.
📎Homemade 
Visit the blog for the RECIPE : 🍽
www.thehappytummytales.wordpress.com .
.
.
#thehappytummytales #THTT
#foodblog #foodbloggers #pavbhaji #pav #bhaji #recipes #homemade #easyrecipeideas #bloggerstyle #blogger #bloggers #indianfoodblogger #flavoursofindia #foodstagram #foodgram #foodiefeature #funwithfood #history #firstfoodpost",foodgram bhaji blogger recipes funwithfood flavoursofindia pav foodblog THTT bloggers thehappytummytales indianfoodblogger easyrecipeideas firstfoodpost foodstagram foodbloggers foodiefeature pavbhaji history bloggerstyle homemade,1,1,True
38963890_2145627965714408_4878308577321680896_n.jpg,"Is there anything better than some buttery Pav Bhaji on a rainy day? Enjoy this Mumbai delicacy along with our newly launched Mumbai special Sandwich for a chatpata day 😁
•••
#thehudsoncafe #northcampus #hudsonlane #cafe @justdelhiing #pavbhaji #mumbaifoodie #pavbhajilove @sodelhi #comfortfood #eeeeats #grub @lbbdelhincr #dimsums #sodelhi @dfordelhi #dfordelhi #ifoundawesome #saadidilli #justdelhiing",dfordelhi ifoundawesome dimsums mumbaifoodie pavbhaji justdelhiing grub northcampus comfortfood eeeeats thehudsoncafe pavbhajilove sodelhi saadidilli cafe hudsonlane,1,0,False
39326619_1037910136385491_8329909137232101376_n.jpg,"Pav Bhaji Kha Lo Friends 💕😎
.
Follow | @thebagpackerfoodie |
Follow | #thebagpackerfoodie |
.
#PavBhaji #eeeeeats #lbb #foodcoma #foodshot #streeteats #streetfood #foodporn #instafood #foodstagram #delhigram #Delhi_igers #eeeeeats #f52grams #foodlife #foodislife #foodisfuel #nomnom #spoonfeed #foodvsco #foodgasm #doublefry #blogizlyf",streeteats blogizlyf thebagpackerfoodie foodcoma spoonfeed foodlife f52grams instafood foodporn nomnom foodvsco foodshot lbb doublefry foodisfuel foodislife foodstagram eeeeeats Delhi_igers delhigram streetfood foodgasm PavBhaji,0,1,False
39877922_1169307859887773_9082777545140600832_n.jpg,"Homemade pav bhaji served with blob of butter and fresh cabbage as salad 😻
.
.
.
.

#instagram #foodporn #pavbhaji #healthy #vegetarian #india #asia #yummyinmytummy #eeeeeats #streetfood #food #potd #igers #delhi #followforfollowback #likeforlikes",yummyinmytummy india instagram food followforfollowback asia vegetarian pavbhaji streetfood potd healthy delhi igers foodporn likeforlikes eeeeeats,0,1,False
38934817_256148638365533_3063196466785812480_n.jpg,"Chicken biriyani for dinner 😍
.
.
From - Biryani Next Door
Follow @rassasy_delight
. .
.
. .
.
#noida #delhigram #kerala #delhidiaries #delhi #delhi_igers #waiwai #somumbai #sodelhi #bengaluru #newdelhi #mumbaidiaries #kolkata #sokolkata #delhifoodblogger #panipuri #kolkatadiaries #pavbhaji #kolkatagram #westbengal #delhifoodie #nepal #mumbaifoodie #mumbai #golgappe #golgappa #indianfood #biriyani #chicken",westbengal delhifoodie mumbai sokolkata panipuri mumbaifoodie newdelhi kolkatadiaries waiwai indianfood chicken mumbaidiaries delhidiaries golgappa kolkatagram golgappe kerala nepal delhifoodblogger somumbai kolkata biriyani delhigram pavbhaji delhi bengaluru noida delhi_igers sodelhi,0,0,True
39370549_534277150334808_2253681365843181568_n.jpg,#BeatsAndEats #Homemade #PavBhaji #FoodPorn #ComeOverBetch #JuHungry it was so good I had to #latergram this,BeatsAndEats Homemade PavBhaji ComeOverBetch latergram JuHungry FoodPorn,0,1,False
39404261_337182320355349_521779320339824640_n.jpg,"#mumbai #Vadodara #pavbhaji 
#foodporn #pornfood #indianfood #streetfood",Vadodara mumbai streetfood pavbhaji foodporn indianfood pornfood,1,1,True
39238606_301805927068087_3218988086096560128_n.jpg,#pavbhaji#rs_50#foodporn #food #foodie #foodstagram #instafood #foodphotography #foodgasm #foodlover #yummy #foodblogger #foodpics #delicious #instagood #foodpic #foodies #tasty #foods #yum #dinner #eat,foodphotography foodblogger foodie delicious foodpics foodlover instafood foodporn yum foodstagram yummy instagood foodpic foods food tasty dinner eat pavbhaji foodies foodgasm rs_50,1,1,True
39101428_453410611839722_3856435028951040000_n.jpg,"This is a spicy blend of #vegetables in tomato gravy served with #pav that is cooked with butter.
Follow @india_canteen
Check this out @toumnyc
@foodrad @foodie_4_everr
@foodie_mumbaikar7 @foodmunchiee @foodyfetish @friesbe4guysss @lurkforfood @thesassyfanaticfoodie 
#indiacanteen #tastyfix #rakshbandhan #rakhi #specialrecipe #pavbhaji",rakhi vegetables tastyfix indiacanteen specialrecipe pavbhaji pav rakshbandhan,1,1,True
39110966_551986135251881_2926386549929017344_n.jpg,"Today's lunch menu

Tawa pulao  _ is a famous Mumbai street food .It is an easy rice item which you can quickly prepare on tawa .I came across this recipe in Tarladalal's cook book. *You can prepare this recipe with left over rice too.
*Once the chopping is done ,pulao gets ready in minutes.
*Do not over cook the vegetables.Its should be crispy .
*Add any veggies of your choice.
* I have used beans,carrot ,capsicum,green peas,paneer.You can include baby corn,cauliflower,potatoes.

Recipe in the blog.

#easyrecipe,#pulao,#indianrice,#ricerecipe,#tawapulao,#easypulao,#mumbaistreetfood,#indianfoodblogger,#vegetable,#vegrecipes,#desikhana,#mumbaifood ,#pavbhaji,#whaticook,#whatsonmytable,#beautifulcusine,#cookinglight,#xiaomiclicks,#foodpron,#foodgasm,#bangalorefoodbloggers,#lunchmenu",mumbaistreetfood cookinglight pulao tawapulao vegrecipes whatsonmytable ricerecipe easyrecipe beautifulcusine whaticook indianrice bangalorefoodbloggers indianfoodblogger easypulao lunchmenu mumbaifood vegetable desikhana xiaomiclicks pavbhaji foodgasm foodpron,0,1,False
39178641_216471802555024_1163667091874643968_n.jpg,"Mini Pancakes with Nutella .
.
.
.
.
@worldofwafflesmohali is serving these amazig small pancakes with Nutella spread over it generously. .
.
.
.
#shotononeplus#pavbhaji #dwarka#vforveggie#dillifoodies #saadidilli #mumbaifoodies#indianfoodie#hungrydilliwaali#delhifoodwalks #mumbaiigers#indianstreetfood #delhifoodguide #delhitimes #delhibloggers #delhistreetfood #mumbaistreetfood #indianfoodiye #mumbaifoodiye #foodiye #chaibreak #mintsauce #incredibleindia #teatime☕ #indian_photography #maggie #indianstreetfood #pancakes",mumbaistreetfood mumbaiigers shotononeplus indianfoodie indianstreetfood vforveggie saadidilli mintsauce pancakes mumbaifoodies chaibreak foodiye maggie delhibloggers delhifoodwalks dillifoodies hungrydilliwaali ☕ delhitimes mumbaifoodiye dwarka delhistreetfood incredibleindia indian_photography pavbhaji indianfoodiye delhifoodguide,0,0,True
39371745_1879105248805938_6366169021993189376_n.jpg,"Cheese Pav Bhaji at Amar Juice Center.
.
Food:- 4/5
Service:-4/5
.
.
#livetoeatbombay #lteb #mumbaifood #mumbai #mumbailocal #pavbhaji #vegeterian #foodlove #spicy #mumbaispecial #juhu #nomnom",nomnom foodlove mumbaifood mumbaispecial mumbai vegeterian mumbailocal pavbhaji spicy livetoeatbombay juhu lteb,1,1,True
38996698_307921649968518_77529055955517440_n.jpg,Ladki baazi dost hota Ek #desi #yaar #pavbhaji #punjab #like #misalpav #konkan #marathination #bandra #navimumbaikar #dharavi #vada #dadar #bandstand #marathi #maharashtra #mumbaikars #gaali #asleel #fuckyou #hindi #btao #boy #bhadwo #pakoda #ashishchanchlani #tharki #ladka #mc #bbkivines,pakoda punjab tharki fuckyou misalpav yaar maharashtra bhadwo konkan dadar mumbaikars bandstand like hindi boy bbkivines btao mc bandra gaali desi ladka vada marathination asleel navimumbaikar ashishchanchlani pavbhaji dharavi marathi,0,0,True
39071358_1873968332721460_8593465879751032832_n.jpg,#foodie #pavbhaji #akabhajiraomastini #eidmubarak #eidaladha #vacationmode #iphone7 #foodporn #foodfood #bollywoodthemed #lovedit #bolgappadubai #yippieeee🤣 #dubai #visitdubai #dubaiparksandresorts #riverlanddubai,yippieeee bolgappadubai riverlanddubai eidmubarak foodie pavbhaji foodfood bollywoodthemed lovedit vacationmode foodporn dubai visitdubai dubaiparksandresorts iphone7 eidaladha akabhajiraomastini,1,0,False
38931043_282799438989353_8804605870726971392_n.jpg,"For all the pav bhaji lovers out there, @mumbai.77 has this sizzling “Cheese Pav Bhaji Fondue” which is delicious to another level ! 😋💯 #shoutoutforshoutout #pavbhaji #fondue #cheese🧀#foodblogger #foodforthought #foodstagram #fooddreamer #foodonmymindallthetime #24hoursfood #foodism #foodista #cravings #lovefood 🤗 #foodphotography #fooddecoration #googleguide",lovefood shoutoutforshoutout 24hoursfood foodphotography fooddecoration foodblogger cravings foodforthought foodista fooddreamer pavbhaji foodonmymindallthetime foodism fondue cheese googleguide foodstagram,0,1,False
38776809_2190213587675440_1173963386908573696_n.jpg,"The most iconic utterly delicious buttery Sardar Pav Bhaji 😋🔥😍
.
Credits 📸 : @foodmaniacindia 
Follow @vegguruindia to discover the best of Vegetarian Food 🌿
.
#mumbaikar #mumbaifoodie #foodofmumbai #mumbaimerijaan #mumbai_igers #foodtalkindia #foodmaniacindia #desifood #streetfood #grubzone #pavbhaji #mumbaifoodblogger #delhifood #nyceats #eatlocal #foodiesofinstagram #eatingfortheinsta #vscofood #feedfeed #eeeeeats #forkyeah #buzzfeast #f52grams #foreverhungry #vscofood #foodstagram #foodandwine #foodgawker #bombay #foodgasm",foodofmumbai eatlocal foodmaniacindia mumbaimerijaan mumbaifoodie buzzfeast f52grams grubzone nyceats eatingfortheinsta foodiesofinstagram desifood mumbai_igers delhifood mumbaikar forkyeah foodstagram eeeeeats mumbaifoodblogger foreverhungry foodgawker bombay streetfood pavbhaji feedfeed foodandwine foodtalkindia foodgasm vscofood,1,0,False
39272026_2228676887343794_2961399535642869760_n.jpg,"Aj to maine Lunch Mai Pav Bhaji khayi🤤😋😋😋
Aur aapne?

Garma garam pavbhaji with extra butter🤩

#pavbhaji #buttery#amulbutter #lunch #lunchtime #pavbhajilove #delhigram #delhicious #foodtrip #foodlife #foodiesofinstagram #foodie_munchies#indiandelicacy #indianfood#home#homemade",delhicious lunchtime foodie_munchies homemade amulbutter delhigram indiandelicacy indianfood pavbhaji foodlife buttery home lunch pavbhajilove foodiesofinstagram foodtrip,1,1,True
39741889_221235732076776_1409930565188059136_n.jpg,"When you can’t decide what to eat ~~ Eat everything! 😁🤘🏻
.
.
.
So, that was my lavish breakfast at Hotel Crystal Sarovar Premiere, Agra! .
.
.
#sincerelyfoodie #foodblogger #poha #dosa #vadasambar #muffin #donut #crossiant #danishpastry #agradiaries #travegram #pavbhaji #breakfastscenes #foodgram #travelgram #foodporn #foodcoma",agradiaries poha travegram donut sincerelyfoodie foodgram foodblogger breakfastscenes travelgram crossiant pavbhaji foodcoma foodporn muffin vadasambar dosa danishpastry,0,0,True
38658632_237462360248309_2359031501955268608_n.jpg,"That's what happiness looks like for a foodie..and when your friend says, ""extra butter wala mereko dena bhai""❤😋
.
.
.
.
🔥
#pavbhaji #alltimefav #goodtimes #friends #rainy #indianfood #gujju
#indianbreakfast #mumbai #mumbaifoodie #mumbaifoodlovers #mumbaifood #foodtalkindia #mumbaichafoodies #eeeeeats #itz_mumbai #foodofmumbai #instafood #ifoundawesome #rainydays #foodphotography #somumbai #things2doinmumbai #foodiesofindia #trellingmumbai  #lettherebefood #sugarshotstories  #theglocaljournal #behappy #grateful",foodofmumbai indianbreakfast mumbaichafoodies sugarshotstories foodphotography mumbai itz_mumbai mumbaifoodie foodiesofindia alltimefav indianfood grateful rainy goodtimes instafood things2doinmumbai friends trellingmumbai mumbaifoodlovers ifoundawesome lettherebefood gujju eeeeeats mumbaifood somumbai pavbhaji rainydays theglocaljournal behappy foodtalkindia,0,0,True
39578041_1719578684821572_63870033457053696_n.jpg,"Pav bhaji in our lunch today 😍😍
Had these at New kadimi restaurant ❤
Let us know in the comments what you guys are having 😃
.
.
Follow @thefizzlinggourmets ❤
Follow @thefizzlinggourmets ❤
.
.
Use #thefizzlinggourmets ❤
.
.
#lunch #pavbhaji #lunchideas #lunchtime #street #streetfood #foodvasco #foodporn #indianfood #tastyfood #delicious #tasty #tempting #delhi #delhifood #newdelhi #zingyzest #sodelhi #20likes #foodpic #chefmode #f52grams #eeeeats #comment4comment #lgtian #ncr #delhincr #foodblogger #indiansnacks",lunchtime sodelhi delhincr foodblogger newdelhi indiansnacks delicious indianfood lunch f52grams foodporn zingyzest lgtian chefmode foodvasco delhifood thefizzlinggourmets ncr street eeeeats tastyfood foodpic tasty lunchideas streetfood pavbhaji tempting comment4comment delhi 20likes,1,1,True
38766617_658430724541090_4786950856249442304_n.jpg,Lazy girl #pavbhaji #vegan,pavbhaji vegan,0,1,False
39199926_957340961116255_2319589631865126912_n.jpg,"Adding these delicacies to your menu brings more happiness to the occasion. 
Call now to select your menu.
9869308338
www.tanveecaterers.com

#catering #indiancuisine #chaat #food #love #foodlove #panipuri #pavbhaji #dosa #pizza #burger #noodles #chinesecuisine #manchurian #wedding #birthday #engagement #reception #events #dombivli #dombivlikar #tanveecaterers #menu #tasty #delicacies #happiness #occasion #thane #mumbai",engagement wedding mumbai panipuri happiness tanveecaterers foodlove manchurian dombivlikar thane events delicacies burger chaat love catering chinesecuisine menu noodles dombivli pizza dosa birthday indiancuisine food tasty occasion pavbhaji reception,0,0,True
39265308_704345676573681_2092669256733818880_n.jpg,The famous Pav Bhaji of Mumbai !!! #mumbai #lokhandwala #pavbhaji #extrabutter #extracheese #delicious #yummy #travel #travelfood #foodie #foodbeast #cheese #foodiegram #foodlover #mobilephotography,foodlover travel mumbai extrabutter foodie foodiegram pavbhaji extracheese travelfood mobilephotography delicious cheese foodbeast yummy lokhandwala,1,1,True
38778141_456572611497507_6262349479081410560_n.jpg,"Pav Bhaji....... ..
.
.
.
Popular Indian streetfood where pavs /dinner rolls are served with Spicy tangy curry of mixed vegetables 
cooked in spices topped with dollop of butter...Indeed fingerlicking...
.
.
.
#tastebirdz #pavbhaji #pavbhaji😋 #mumbaistreetfood #indiansnacks #indianstreetfood #streetfoodlover #streetfood #northindian #asiancuisine  #pav #chaat  #veggies #chaatlover #delhistreetfood #pavbhaaji #pavbhajilove #pavbhajilover #pavbhajifondue #deliciousfood #fingerlickingfood #delhifood #dillifoodies #deliciousness #carbs #junkfood",mumbaistreetfood tastebirdz pavbhaaji deliciousness indianstreetfood fingerlickingfood indiansnacks asiancuisine junkfood carbs streetfoodlover pav pavbhajilove northindian chaatlover delhifood dillifoodies chaat pavbhajifondue pavbhajilover veggies delhistreetfood streetfood pavbhaji deliciousfood,1,0,False
40084023_305838273525587_7091806443891851264_n.jpg,"Good food is a wise medicine😋😋😋
Yummyyyy!!!
#pavbhaji
#sarafa
#food#foodblogger#indianfoodie#indianblogger#indoriblogger#indori#deliciousfood#yummyfood#indorifood#foodexplorer#foodlover#bestfood#journeystarts#foodlove#foodblogging#foodforlife#foodie#foodforever",indianblogger foodlove foodlover bestfood foodforever foodblogger food foodie sarafa indianfoodie indori pavbhaji foodexplorer indorifood yummyfood foodforlife deliciousfood journeystarts foodblogging indoriblogger,1,1,True
39184609_489094254888044_5722029553723899904_n.jpg,The New Pav Bhaji Pizza @apnachaathouse #pizza #unique #flavour#surreyeats #surreybc #snack #streetfood #fresh #quick #tasty #apna #indian #pavbhaji,surreyeats unique tasty snack streetfood pavbhaji surreybc flavour pizza quick indian fresh apna,0,0,True
39578088_2141751729370074_5743761486946238464_n.jpg,"Oreo Ice Cream Sandwich 😍
Pure bliss is the word for this one!!! Who all love oreo? .
.
.
.
I received so many messages after I uploaded this as my story🙈
Most of them were death threats😂
.
.
.
.
Follow me on Fb and Zomato- Bonappetit_1
#shotononeplus #pavbhaji #dwarka #icecreamlover #dillifoodies #saadidilli #mumbaifoodies #indianfoodie #hungrydilliwaali #delhifoodwalks #mumbaiigers #indianstreetfood #delhifoodguide #delhitimes #delhibloggers #delhistreetfood #mumbaistreetfood #indianfoodiye #mumbaifoodiye #foodiye #chaibreak #icecream #incredibleindia #oreocake #indian_photography #maggie #indianstreetfood #oreoicecream #oreo #bonappetit",mumbaistreetfood icecream mumbaiigers shotononeplus indianfoodie indianstreetfood icecreamlover saadidilli mumbaifoodies chaibreak foodiye maggie oreocake delhibloggers delhifoodwalks dillifoodies hungrydilliwaali oreo delhitimes oreoicecream bonappetit mumbaifoodiye dwarka delhistreetfood incredibleindia indian_photography pavbhaji indianfoodiye delhifoodguide,0,0,True
39119199_232766184070799_6481362295434772480_n.jpg,"Masala pav 
To get featured your photography that defines india use our official hashtag #indie_diaries 
#indie_diary #india #indian #_moi #_soi #storiesofindia #travelrealindia #indiagram #food #foodphotography #foodblogger #food52 #food52 #indianfood #pavbhaji #pavbhaji😋 #pavbhajifondue #instagood #ilovefood 
#ilovefoodtoomuch #ilovefoods #pav #pavbhajilover",_moi foodphotography foodblogger indianfood ilovefoods pav travelrealindia indian _soi ilovefood india pavbhajifondue pavbhajilover food52 storiesofindia indie_diary instagood ilovefoodtoomuch food pavbhaji indie_diaries indiagram,0,1,False
38957892_319211575482440_1245801228944801792_n.jpg,"KABULI SHISH KEBAB ❤️
.
.
. .
.
 @touristjanpath
.
.

These Tender mutton kebabs with mint, chilli and tandoori flavours were served as a stack and tasted exceptionally well.
.
.
.
.
.
.
Follow my food journey @rassay_delight
.#noida #delhigram #kerala #delhidiaries #delhi #delhi_igers #waiwai #somumbai #sodelhi #bengaluru #newdelhi #mumbaidiaries #kolkata #sokolkata #delhifoodblogger #panipuri #kolkatadiaries #pavbhaji #kolkatagram #westbengal #delhifoodie #nepal #mumbaifoodie #mumbai #golgappe #golgappa #indianfood #poha",westbengal delhifoodie mumbai sokolkata panipuri mumbaifoodie newdelhi kolkatadiaries waiwai indianfood mumbaidiaries delhidiaries golgappa kolkatagram golgappe poha kerala nepal delhifoodblogger somumbai kolkata delhigram pavbhaji delhi bengaluru noida delhi_igers sodelhi,0,0,True
38785394_1885704065058757_3128032163509829632_n.jpg,"Presenting the much appetizing cheese pav bhaji.😍😋 Toh intezaar kis baat ki?😉
#pavbhaji #cheesepavbhaji #dombivli #kalyan #malhartreats",kalyan cheesepavbhaji malhartreats pavbhaji dombivli,0,0,True
38923045_2263160880583040_8037401652258406400_n.jpg,"Pav Bhaji Khaoge........ sab........z
.
Follow @dil_se_chatore for more updates!
.
#dilsechatore#pavbhaji#buttery#salad
#pav#bhaji#look#like#smile#amazing
#myfavorite#foods##food #foodporn #yum #instafood #yummy #amazing #instagood #photooftheday #sweet  #fresh #tasty #foodie #delish #delicious #eating",bhaji foodie smile eating delicious amazing delish salad photooftheday pav instafood buttery myfavorite foodporn like look fresh yum sweet yummy instagood foods food tasty pavbhaji dilsechatore,1,1,True
39629842_514670452275039_9005571062703849472_n.jpg,Homemade Pav Bhaji Masala #masala#foodie #indianfood #food #yummy#foodporn#foodphotography #foodgasm#instafood#streetfood#foodblogger#mumbaifoodie#foodlove#tasty#foodbloggers#mumbaifoodblogger#mumbai#delhi#pavbhaji#indianstreetfood#indianfoodbloggers#mumbaidiaries##instagood#picoftheday#homemade#pavbhajimasala#,foodphotography foodblogger mumbai foodie mumbaifoodie indianstreetfood indianfoodbloggers indianfood foodlove mumbaidiaries instafood foodporn pavbhajimasala masala yummy foodbloggers instagood mumbaifoodblogger picoftheday food tasty streetfood pavbhaji delhi foodgasm homemade,0,1,False
39192414_1855692871145104_2827159186050121728_n.jpg,"Cheese pav bhaji 🔥
At juhu chaupati
.
.
.
.
#juhuchaupati #food #pavbhaji #mumbaifood #tasteofmumbai #tasteofindia #cheesypavbhaji #yummyfood",cheesypavbhaji mumbaifood food pavbhaji yummyfood juhuchaupati tasteofindia tasteofmumbai,1,1,True
39386882_459308197911710_3125957024290963456_n.jpg,"#MonsoonCraving

Are you travelling on #Pune - #Ahmednagar highway?
Take a break at Smile Stone to enjoy garama garam...tasty...delicious Pav Bhaji and celebrate your monsoon journey!

#SmileStone #Pune #Ahmednagar #Highway #Restaurant #monsoon #menu #PavBhaji #journey #happiness #food #lunch #dinner #travel #love #taste #leisure #fun #garden #shopping #Aurangabad #Shirdi #Ajanta #Ellora #Maharashtra #India",fun happiness leisure lunch India MonsoonCraving travel Pune Highway journey taste garden Shirdi love monsoon menu Aurangabad Ajanta Maharashtra Restaurant food dinner shopping SmileStone Ellora Ahmednagar PavBhaji,1,0,False
39333325_2108837659434481_4321116298143596544_n.jpg,#mumbai #dharavi #bandstand #bandra #navimumbaikar #dadar #mumbaikars #marathi #maharashtra #vada #pavbhaji #dost #pyaar #lovestory #inspiration #india #jaibhim #pune #nashik #panvel #marathination #misalpav #konkan  #like #delhi #punjab #nagpur #ladki #desi #yaar,nashik punjab mumbai misalpav yaar maharashtra panvel ladki konkan dadar mumbaikars lovestory jaibhim bandstand nagpur like pune india pyaar bandra inspiration dost desi vada marathination navimumbaikar pavbhaji delhi dharavi marathi,0,0,True
39011829_285636335360758_6760371686039617536_n.jpg,#mumbai #dharavi #bandstand #bandra #navimumbaikar #dadar #mumbaikars #marathi #maharashtra #vada #pavbhaji #dost #pyaar #lovestory #inspiration #india #jaibhim #pune #nashik #panvel #marathination #misalpav #konkan  #like #delhi #punjab #nagpur #ladki #desi #yaar,nashik punjab mumbai misalpav yaar maharashtra panvel ladki konkan dadar mumbaikars lovestory jaibhim bandstand nagpur like pune india pyaar bandra inspiration dost desi vada marathination navimumbaikar pavbhaji delhi dharavi marathi,0,0,True
39178517_1836337046415117_3829827702257352704_n.jpg,What a way to spend a rainy Sunday than having a day of cooking comforting #Indian food courtesy of @meerasodha #freshindia and #madeinindia #dhokla with #cauliflower #chickpea and #pomegranate #chaat for lunch and #dishaspavbhaji for tea #pavbhaji #indianfood #vegetarian #homemade,madeinindia dishaspavbhaji chaat homemade vegetarian pavbhaji Indian cauliflower freshindia chickpea indianfood dhokla pomegranate,0,0,True
39823532_777108465969405_6557862921471262720_n.jpg,"#repost @thedelhistreets😍😍
#tag#pavbhajjilovers#
#pavbhaji#indianstreetfood#delhistreetfood#butterbread#vegcurry🍜 #withgreenchutney#onions#eknumber#tasty#tastyfood#deliciousfood#indianfood#indianfoodbloggers#foodgasm#foodporn#foodiegram#midnightsnacks😋 #instagood #instapic#instagram#pavbhaji #foreveryone#dubailife#mydubai#mydubailife🇦🇪 #enjoy#tastyfood#everyone🤗🤗🤗",repost butterbread indianstreetfood withgreenchutney indianfoodbloggers instapic indianfood everyone midnightsnacks onions dubailife foodporn mydubailife foodiegram tag vegcurry foreveryone tastyfood instagood instagram enjoy tasty delhistreetfood eknumber pavbhaji pavbhajjilovers deliciousfood mydubai foodgasm,1,1,True
39613369_717554585273363_4089982487899234178_n.jpg,"#midnightcravings ❤️❤️
✔️MANGO SHAKE
✔️PAV BAAJI
✔️DAHI PURI
✔️PANEER TAWA PULAO.
. 📍SAGAR CHAT 1846, Dr Rajkumar Rd, Mariappanapalya, Rajaji Nagar, Bengaluru, Karnataka 560021.
.
.
.
FOLLOW @foodzeee ❤️
.
.
.
#chaat #chaats #midnight #nightcravings #northindianfood #streetfood #india #bangalore #nightrestaurant #foodie#tawapulao#dahipuri #pavbhaji#instafood#mangoshake #instapic#Tuesday #instagram #love #likeforlike #foodporn #foodbloggers #foodzeee",foodie instapic tawapulao likeforlike instafood midnightcravings foodporn chaats nightrestaurant mangoshake india chaat love northindianfood foodzeee Tuesday foodbloggers nightcravings dahipuri instagram streetfood pavbhaji bangalore midnight,0,1,False
39410894_451776891997471_6114531535275163648_n.jpg,When all u need is #pavbhaji for an #eveningsnack 😏 #foodie #dosaplaza #foodpic #food #foodphotography #foodblogger #foodiesofinstagram #foodies #foods,foodpic foodphotography foods foodblogger food foodie pavbhaji eveningsnack foodies foodiesofinstagram dosaplaza,1,1,True
38879281_654681954919008_8144155692920471552_n.jpg,#pavbhaji #indocanadianchef #mumbaifood #indianfoodie #firstorder #spicyfood #masalapav #mumbaichafoodies #indianchef #homecooked #insiderfood,mumbaifood mumbaichafoodies spicyfood indianfoodie indianchef pavbhaji firstorder indocanadianchef masalapav homecooked insiderfood,0,0,True
39147945_2279181265651491_3645554076042657792_n.jpg,"Utterly Butterly Delicious “Pav Bhaji” !! .
.
📸 - @
.
🌮 Follow @BhukkadPunekar & Be A Bhukkad..
.
🍿Tag Us & Get Featured Here
.
#pavbhaji #pune #punevadapav #bhukkadpunekar #drink #food #foodporn #eatme #feedme #punelife #pune #punefoodie #punefood #eater #dailyfoodfeed #eatfamous #punekar #foodbible #foodgasm #cheatmeal #instafood #whataleats #nom #yum #foodpics #foodstagram #foodie",punefoodie foodbible punelife foodie whataleats foodpics dailyfoodfeed punevadapav instafood foodporn eatfamous drink feedme eater yum pune cheatmeal punefood foodstagram punekar nom bhukkadpunekar food pavbhaji eatme foodgasm,1,1,True
39371757_215732719300837_8500716237633767619_n.jpg,"Good vibes, occasions, happiness, laughter and delicious food is all you need to celebrate life!💐🍴
Indian Feast with Home-made Food with lots of love & joy: #PaniPuri, #PavBhaji & Sindhi #DalPakwan!
A variety of Indian dishes for every mood, every occasion & for everyone❤️
.
#HappyRakshaBandhan 👨‍👩‍👧‍👧🌷
Homemade with love by: @megha.thawrani🌻
.
.
#HungryHarWaqt  #Indian #IndianCuisine #IndianRecipes #IndianSpices #IndianFood #IndianFeast #FlavoursOfIndia #FoodofMumbai #Foodie #MumbaiFoodie #Feast #SundayFeast #FoodPhotography #FoodLove #WeekendVibes #SundayVibes #SundayFunday #Celebrations #CelebrateLife #GoodVibesOnly #HappyHours #DesiFood #Homemade #HomemadeWithLove #CheerstotheWeekend",HomemadeWithLove IndianFeast GoodVibesOnly Indian CelebrateLife MumbaiFoodie FoodPhotography FoodLove FoodofMumbai IndianRecipes WeekendVibes CheerstotheWeekend DalPakwan HappyRakshaBandhan FlavoursOfIndia HungryHarWaqt PaniPuri Homemade IndianFood SundayFeast Feast Celebrations Foodie SundayFunday DesiFood IndianCuisine SundayVibes HappyHours IndianSpices PavBhaji,0,0,True
39199932_2279977202279960_5620604755727351808_n.jpg,"Evening snacks yummmy Missal Pav at Jhankar..❤️🤤
.
Pic taken admin : @deepak_jain786 ..❤️
.
For more join us @foodiesinceborn92 ..❤️
.
#misalpav #vadapav #samosa #idlisambhar #pavbhaji #pizza #burger #frenchfries #pasta #yum #yummy #tasty #vegfood #vegan #veg #vegetarianlife #vegetarian #vegetarianrecipes #foodblogger #foodies #foodphotography #foodporn #foodiesinceborn92 #deepakjaindj❤️",vadapav vegetarianrecipes foodphotography foodblogger pasta misalpav vegetarian foodporn vegfood ❤️ burger yum veg pizza vegetarianlife yummy samosa foodiesinceborn92 idlisambhar vegan tasty pavbhaji frenchfries foodies,1,0,False
39157404_1057217771114951_3144189551304507392_n.jpg,"The only man worth chasing this summer is the Ice Cream man XD😂
.
.
.
.
Which is your favourite flavour in ice creams? Comment below!!
.
.
.
.
Follow me on Fb and Zomato- Bonappetit_1
#shotononeplus #pavbhaji #dwarka #vforveggie #dillifoodies #saadidilli #mumbaifoodies #indianfoodie #hungrydilliwaali #delhifoodwalks #mumbaiigers #indianstreetfood #delhifoodguide #delhitimes #delhibloggers #delhistreetfood #mumbaistreetfood #indianfoodiye #mumbaifoodiye #foodiye #chaibreak #canada_gram #canada #teatime☕ #indian_photography #maggie #indianstreetfood #icecreamlover #icecream #bonappetit",mumbaistreetfood icecream mumbaiigers shotononeplus indianfoodie indianstreetfood vforveggie icecreamlover saadidilli canada_gram mumbaifoodies chaibreak foodiye maggie delhibloggers delhifoodwalks dillifoodies hungrydilliwaali ☕ delhitimes bonappetit mumbaifoodiye dwarka delhistreetfood indian_photography pavbhaji indianfoodiye delhifoodguide canada,0,0,True
39368900_402879740242646_7762668348273328128_n.jpg,Pav bhaji kinda Saturday.👅 #likeforfollow #likeforlikes #like4likes #followforfollowback #follow4followback #pavbhaji #pav #bhaji #onionrings #onions #greenchutney #yummyfood #lovely #instagram #instagaming #foodporn #foodie #foodgasm #india,likeforfollow greenchutney instagaming bhaji follow4followback followforfollowback onions instagram foodgasm onionrings foodie india pavbhaji lovely pav yummyfood foodporn likeforlikes like4likes,1,1,True
38871469_893314274211508_8551498079264571392_n.jpg,"Pavbhaji with chopped onions,coriander leaves ,sprinkled with a lot of lime juice.just love to add a lot of butter.i just love to have it with soft buttery buns.
.
.
.
Follow @bipolar.blogger for amazing updates.
.
.
.
#chandigarhblogger#chandigarhfoodblogger#pavbhaji#delhistreetfood#mumbaiigers#indianstreetfood#zingyzest#dilsefoodie#trellingfood#indianfoodie#indianfoodblogger#grubzone#delhifoodwalks#foodtalkindia#sodelhi#fbai#dillifoodies#saadidilli#mumbaifoodies#heydelhi#foodmaniacindia#popxofeatures#crazyfood#instachandigarh#delhifoodguide#heartymeal#foodbloggersofinstagram",foodmaniacindia mumbaiigers indianfoodie indianstreetfood heartymeal chandigarhblogger saadidilli chandigarhfoodblogger grubzone fbai mumbaifoodies popxofeatures zingyzest delhifoodwalks instachandigarh dillifoodies indianfoodblogger foodbloggersofinstagram crazyfood delhistreetfood heydelhi pavbhaji dilsefoodie foodtalkindia delhifoodguide trellingfood sodelhi,1,0,False
39532414_287201668761430_6788071132722364416_n.jpg,"Veg Sangrila
Price? @ Rs80/-
Where? ~Pola's harbor lounge

Credits: @md_fayaz_shaikh 📷

Want your Food features to be featured here?
Tag or Hashtag #foodsofballari on your food Pictures. If Ua Account is Private then DM/Insta Direct us your food Pictures.
-------------------------------------------
#foodsofballari #bestofballari #ballari #vegan #veg #pavbhaji #desifood #indianfood #foodgram #instagood #foodblogger #foodbloggers #foodreview #india #indiagram #ballaridaires #foodlove #instalove #instagood #food #foodheaven #yummy #instagramindia",foodgram ballaridaires foodblogger foodsofballari indianfood foodreview foodlove ballari desifood instagramindia india veg yummy instalove foodbloggers instagood vegan bestofballari food pavbhaji indiagram foodheaven,0,0,True
39087515_263865030911355_4845702495575474176_n.jpg,"Gluten-free, Vegan and Vegetarian Authentic Indian Foods #thali #spicyfood #studentdeals #bristoluni #stillhungry #streetfood #indianfood #vegan #vegetarian #cothamhill #clifton #chaipanibristol #foodie #foodlover #foodporn #food #takeaway #restaurants #indianrestaurant #curry #indiancurry #freshspices #freshfood #glutenfreefood #veganfood #vegetarianfood #chaipanibristol #keemapav #panipuri #pavbhaji #cholebhature",chaipanibristol panipuri foodie indianfood freshspices clifton foodlover spicyfood restaurants vegetarianfood thali vegetarian stillhungry foodporn cholebhature glutenfreefood keemapav bristoluni freshfood cothamhill takeaway indianrestaurant indiancurry studentdeals veganfood vegan food streetfood pavbhaji curry,0,0,True
39894771_541170119653885_56720847733204642_n.jpg,#gadbadicecream #falooda #cutlet #gobimanchurian #pavbhaji,gobimanchurian gadbadicecream pavbhaji cutlet falooda,0,0,True
39104632_708562136154397_8035015338363977728_n.jpg,"Guess the missing ingredient.

#Cookpad #guesstheingredients #quiz #foodporn #foodie #pavbhaji",Cookpad guesstheingredients foodie pavbhaji foodporn quiz,0,1,False
40246495_532997897114064_2276439319507894272_n.jpg,Rakshabandhan celebrations at my mother maternal home .Enjoyed a lot . Family gatherings are always best . So my sunday become beautiful in this way.how you celebrated your rakshabandhan? #pavbhaji #tasty #yummy #delicious #food #foodie #thekitchen #eatfamous #foodphotography #instaeat #instayum #instapost #instafood #instalike #foodporn #foodgasm #foodgrammer #foodblogger #like4like #likeforalike #likesforlikes #followforfollowback #followformore #followme #followforfollow,instalike foodphotography instayum foodblogger foodie followme foodgrammer followformore delicious followforfollow followforfollowback instaeat instapost thekitchen instafood foodporn eatfamous likeforalike yummy likesforlikes food tasty pavbhaji foodgasm like4like,0,1,False
39372363_279004686263164_8561472037002936320_n.jpg,"I donno what I miss more- my Boo or the Vada Pav he’s holding! 
PC: @nitesh_thakuur .
.
.
.
.
.
.
.
.
.
.
.
.
.
.
#vadapav #mumbaifood #indianfood #streetfood #food #foodpics #foodphotography #blogger #foodblogger #handsinframe #nature #tasteofindia #happy #eeeeeats #nomnom #loveforfood #foodlover #pavbhaji #contestalert #giveaway #followforfollowback #potd #instagood #picoftheday #likeforfollow #indiancuisine #instapic",vadapav foodphotography foodblogger blogger giveaway instapic foodpics indianfood foodlover loveforfood followforfollowback likeforfollow nomnom contestalert tasteofindia eeeeeats instagood picoftheday mumbaifood food indiancuisine nature streetfood pavbhaji potd happy handsinframe,0,1,False
39083197_1634823873312919_5306999038481006592_n.jpg,"Cafée_mh05 #pavbhaji #cheeselovers *pav_bhaji_cheese_toast* #evening #sancks
#Yammmmee #test££££ #Badlapur #cafe_mh05Roksss",Badlapur cheeselovers evening sancks pavbhaji Yammmmee cafe_mh05Roksss test,0,0,True
39119755_1886585754976964_2955343833618972672_n.jpg,"@yummy_bites_cbe 
#yummy #yummy😋 #yummyfood #samosa #vadapav #dabeli #pavbhaji #pavbhaji😋 #manchurian #cabbagemanchurian #gobimanchurian #northindian #northindiantest #panipuri #panipurilovers #bhelpuri #bhel #dahipuri #masalapuri #grillsandwich #vegsandwich #sandwich #fresh #spicy #yummybites 
Address:- shop no.2 corporation building,
near ganesh temple,
opp corporation office,
Ramchandra road,
R.S puram Coimbtore.",vadapav panipurilovers panipuri northindiantest dabeli bhel manchurian spicy northindian fresh cabbagemanchurian gobimanchurian sandwich bhelpuri masalapuri yummyfood samosa yummy grillsandwich dahipuri vegsandwich pavbhaji yummybites,0,0,True
39850979_339540150116512_8800745184754139136_n.jpg,"Indian chaat extravaganza: pav bhaji, pani puri and samosa chaat",,1,0,False
39783547_2233089043587101_783321860635885568_n.jpg,"Paneer Pav Bhaji 😋😋😋 with everything made from scratch and just so you all know, there's nothing like slow cooked bhaji.
.
Though the cooking was going on regularly, lacked the enthusiasm to post here & wanted to take a break. Spent a relaxing day & baked bread of any kind after a long time & it was just what I needed. Not for nothing it's said that baking is therapeutic.
.
Oh....Happy #madrasday there's no place like #nammachennai to me
.
.
.
.
#ticklingpalates #indiancuisine #indianfood #chennaifoodie #chennaiblogger #streetfood #mumbaipavbhaji #vegetarian #baking #homebaking #pavbhaji #vegetarianfoodshare #vegetarianfood #paneer",ticklingpalates vegetarianfoodshare baking madrasday indiancuisine vegetarianfood chennaifoodie homebaking streetfood vegetarian pavbhaji nammachennai chennaiblogger mumbaipavbhaji indianfood paneer,0,1,False
38847394_301419730409413_2644929350087999488_n.jpg,"Homemade Pav Bhaji is the best for a Sunday!  Added with extra butter and  some lemon...It totally makes my day !
Ingredients:-
1) Potatoes - 2
2) Cauliflower - half
3) Carrot - half 
4) Chopped Onion and Capsicum - according to ur taste
5) Chopped Tomatoes - 3
6) Grated garlic - 10
7) Green Peas 
8) Pav Bhaji Masala , Salt to taste , Kashmiri red chilli powder - All 2-3 tsp.
. :Steps and Procedure :-
1. Boil the veggies in a pressure cooker for 2 whistles on medium flame and keep the water left after the boiling in separate container. 
2. Mash all the veggies. Now heat a pan and add some butter n oil to it. Then add green chilli , ginger,garlic and fry it for a minute on medium flame.

3. Then add onions to the mixture and fry till soft and turning yellow. Stir nicely.

4. Add Chopped Capsicum and green peas . Mix it and fry for again a min after which u can add the tomatoes and stir it carefully.

5. Add some salt to taste and fry for 3-4 mins . After this , add kashmiri red chilli powder and pavbhaji masala to it .

6. Cover the pan and let it simmer for 30 - 40 sec so that all masalas get roasted well . At this point , add mashed veggies and mix well. 
KEEP MASHING THE BHAJI FOR THAT RICH FLAVOUR 
7. Now add some water which u kept separately and stir for sometime. Again add very less salt. 
8. Now  stir the mixture and cover the pan to let it simmer for 2-3 mins. It's Ready!........Add some butter and coriander leaves for the extra delicious flavour.
Don't Forget to add lemon too!! 9. Toast the pavs with butter and SERVE HOT with some chopped onions!! Thank me later 😂
.
.
.

#pavbhaji #homemade #foodie #foodporn #yumza  #tasty #zayka #swaad #foodforlife #foodforever #thinkfood #foodforthought #foodcoma #foodstagram  #best #monsoon #rains #enjoy #homefood #indianfood  #spicy #bliss #loveforfood #follow  #💜 #glassofwineforme",yumza homemade rains foodie foodcoma zayka thinkfood swaad indianfood loveforfood follow spicy glassofwineforme foodporn homefood foodforever foodforthought monsoon bliss foodstagram enjoy tasty pavbhaji foodforlife best,1,1,True
39835957_2042453099398923_5855973645062504448_n.jpg,"PAV BHAJI
I'm the biggest pav bhaji lover!
That spicey limey garma garam bhaji when paired with makkhan me sika soft pav, haayyeee, Muu mee kuch kuch hota h.
I had this at Raju Chat Bhandar at abulane and was utterly disappointed. :/
The bhaji was so ""UBLI HUI""
It tasted bland and really 'normal'
The pav was also not that good and :( I so wish I could go to Jeemkhaan Maidan to have my fav one soon.

KAHA?!: Raju Chaat Bhandar, Abulane, Meerut
KITNE ME?!: 40₹ -_-
KAISA LAGA?!: NOOORRMAAAALLL

#food #foodie #foodielife #foodblog #foodblogger #foodphotographer #omnommomnom #omnommomnomeats #omnommomnomreviews #love #tastyfood #pavbhaji #someerut #indianfood #indianstreetfood",tastyfood foodblogger food omnommomnom love foodie omnommomnomeats someerut pavbhaji indianstreetfood foodphotographer omnommomnomreviews foodblog indianfood foodielife,1,1,True
39329119_134841397450908_2886578107604188221_n.jpg,"Money 💰 can buy happiness and its called Food. 🙈
.
. •
•
🍴#food #foodofinstagram #foodie#instafood #yummy #sharefood #instaeat #foodstagram #foodie #instafood #heresmyfood #foodiegram #foodlovers #amazingfood #foodforlife #tasty #foodpictures #foodlover #delicious #foodstyle #foodpic #foodie #foodpics #foodblog #foodtime #all_food_passion #foodheaven #foods #foodblogger #igfood #pavbhaji",foodtime foodblogger foodie all_food_passion foodpics delicious foodlover heresmyfood instaeat sharefood foodofinstagram instafood foodblog foodlovers amazingfood foodiegram igfood foodstagram yummy foodpic foods food tasty foodstyle foodpictures pavbhaji foodforlife foodheaven,0,1,False
39268440_251010829081801_6034508099753082880_n.jpg,"Lunch scenes be like 😍😍
What do you think?
.
.
.
.
.
.
.
Follow @ourhungerstory 
Follow @ourhungerstory .
.
.
.
.
.
.
#ourhungerstory #foodlover #foodgasm #lovetoeat #indianfoodbloggers #f52grams #newdelhi #huffposttaste #eeeeeats #eatingforinsta #bloggersofinstagram #onmyplate #pavbhaji",bloggersofinstagram foodlover eatingforinsta huffposttaste newdelhi pavbhaji indianfoodbloggers ourhungerstory lovetoeat onmyplate f52grams foodgasm eeeeeats,1,1,True
39269283_291368048323972_322767488079101952_n.jpg,Dinner time!!! Made some #pavbhaji #patra and #samosas 😋 #millerlite,pavbhaji patra millerlite samosas,0,1,False
39244166_228654327827975_393155997696262144_n.jpg,#pavbhaji #chefanupa #foodstagram,pavbhaji foodstagram chefanupa,1,1,True
39011830_554448084991459_9100274644904050688_n.jpg,"||Hyderabad|| Kesariya Sweets|| Pav Bhaji|| Mirch Bhaji|| Khandvi|| Bhelpuri|| Time for some snacking!!
.
Got this delivered by @swiggyindia from @kesariyas 
#pavbhaji #mirchbhaji #bhelpuri #khandvi #snacks #snacking #rain #swiggy #homedelivery #Hyderabad #eveningsnacks #snacks #indian #chaats #lipsmacking #delicious #foodstagram #foodinsta #foodie #foodphotography #foodpornshare  #foodcoma #foodshare #foodporn #foodgasm #dineanddining #hyderbadfoodblogger #desi #indiansnacks",dineanddining foodphotography lipsmacking foodie foodcoma indiansnacks delicious snacks foodinsta foodpornshare swiggy khandvi foodporn indian hyderbadfoodblogger chaats Hyderabad homedelivery bhelpuri foodshare foodstagram desi pavbhaji mirchbhaji snacking rain foodgasm eveningsnacks,0,1,False
39582774_239219160127263_4717014739832537088_n.jpg,"VEG PAV BHAJI 😋
Place : @timesssquare
Location : TimessSquare,Near Yogi Nagar, Borivali West

Follow @mumbaifoodblogger_ to know more about food and travel in Mumbai
Use #mumbaifoodblogger or dm to get featured
#mumbaifoodie #mumbaifoodblogger#mumbai#pavbhaji#yummy#tasty#unbeatable#rakhidaytoday#mumbaichafoodies#foodiesengage",mumbaifoodblogger mumbaichafoodies foodiesengage mumbai tasty mumbaifoodie pavbhaji rakhidaytoday yummy unbeatable,0,0,True
39506725_2127307837588676_4778385742273445888_n.jpg,"मसाला दहीपुरी 😋😋
@bollywood_dost
.
.
.
.
#panipurilovers #foodlovers #vadapav #panipuri #samosa #gulabjamun #kajukatli #bhelpuri #bhel #kachori #chivda #pavbhaji #pizza #masaladosa #idli #idlisambhar #jilebi #rasgulla #rasmalai #bollywood_dost #breadpakoda #kandapoha #bhaji #bhaje #lassi #dabeli #dahipuri #cholebhature #shevpuri #golgappe",vadapav panipurilovers bhaji rasmalai kandapoha panipuri shevpuri dabeli bhel bollywood_dost kachori lassi jilebi cholebhature golgappe breadpakoda foodlovers bhelpuri masaladosa idli pizza rasgulla chivda samosa bhaje idlisambhar dahipuri pavbhaji gulabjamun kajukatli,0,0,True
39371744_300152090564590_2486189201368809472_n.jpg,"Bikaner ki pav bhaji❤️
One of my favourite dish❤️
.
.
.
Location : bikaner, Faridabad
Price : 125 ₹
Taste : 4.5/5
➖➖➖➖➖➖➖➖➖➖➖➖➖➖➖➖
#follow :@foodpriors_ 
#follow :@foodpriors_ 
#follow @foodpriors_
Follow for amazing food content and do mention you friends in comment's section ❤️
.
.
.
.
#pavbhaji #pav #salad #lemonsqueeze #tasty #bikaner #foodblogfeed #foodaddict #food52 #soulfood #nomnom #foodphotography #foodblog #foodbloggers #indianfoodbloggers #thegreatindianfoodie #zingyzest #thisisdelhi #delhigram #delhi6 #delhitimes #delhifoodblogger #delhincr #delhi_foodie #delhifoodguide #instagood #instafood #instadelhi #instagram",bikaner foodphotography delhincr foodaddict delhi6 indianfoodbloggers lemonsqueeze salad instadelhi foodblogfeed thegreatindianfoodie follow pav instafood zingyzest foodblog delhi_foodie nomnom food52 delhitimes foodbloggers instagood delhifoodblogger instagram tasty delhigram soulfood pavbhaji thisisdelhi delhifoodguide,0,1,False
39687850_880003475522102_6357917552298950656_n.jpg,"Can't get enough of it no matter how many times I eat it 😋 #pavbhaji #❤️ .
.
.
.
.
.
.
.
.
.
.
.
#food #healthyfood #homemadefood #homecookedmeal #homecooking #homemade #yummy #yummyfood #veganfood #veganlunch #veg #vegan #veggies #instafood #instaphoto #home #instaclick #dinner #foodphotography #foodstagram #foodlover #foodie",healthyfood foodphotography foodie instaclick homemadefood instaphoto foodlover instafood home homecookedmeal ❤️ veg yummyfood foodstagram veganlunch yummy veggies veganfood vegan food dinner pavbhaji homecooking homemade,1,1,True
38784954_485136318666162_7914654809616961536_n.jpg,"Just Dabbin around 
@dailynutritionaldiet 
Do you like my t-shirt from @bewakoofofficial ?

Yes?

Double tap and comment yes 😍
.
.
.
.
.
.

Follow @foodcriticintown for more.
..
.
.
.
.
#pavbhaji #dwarka#chandigarhfoodblogger#chandigarhblogger #heydelhi #delhifoodblogger#foodtalkindia #zingyzest #vforveggie #foodmaniacindia#dillifoodies #saadidilli #mumbaifoodies #dilsefoodie#trellingfood #indianfoodie #desikhana #indianfoodblogger#hungrydilliwaali #grubzone #delhifoodwalks #mumbaiigers#indianstreetfood #delhifoodguide #saadidilli #sodelhi#delhitimes #delhibloggers #delhistreetfood #mumbaistreetfood

@thegirlinphulkari 
@thefooddestination 
@the__unknown_photographer 
@foodiebaniya 
@platetoplate.fromours.toyours 
@coupleonbike 
@brunchbabeindia",mumbaistreetfood foodmaniacindia mumbaiigers indianfoodie indianstreetfood vforveggie chandigarhblogger saadidilli chandigarhfoodblogger grubzone mumbaifoodies zingyzest delhibloggers delhifoodwalks dillifoodies hungrydilliwaali indianfoodblogger delhitimes delhifoodblogger dwarka desikhana delhistreetfood heydelhi pavbhaji dilsefoodie foodtalkindia delhifoodguide trellingfood sodelhi,0,0,True
39992125_538895866564785_6895245392984670208_n.jpg,"#Repost @foodie_incarnate (@get_repost)
・・・
Vada Pav😍😍 Apko Pav Bhaji zyada pasand hai ya Vada Pav?? Tag your friends🤗🤗
.
.
Had it at Kumar Pav Bhaji Corner, Krishna Nagar. This shop serves the tastiest vada pavs in Delhi. Recommended.👍🏻
.
.
➖➖➖➖➖➖➖➖➖➖
.
. 
#foodieincarnate #sodelhi #newdelhi #foodtalkindiafood #delhigram #snack #vadapav #mumbaifoodie #eastdelhi #nashta #mumbaistreetfood #indianfood #delhite #delhifoodblogger #delhifoodblog #delhifood #indianstreetfood #indiancuisine #spicyfood #foodblogger #streetfood #breakfastgoals #foodcoma #homefood #mawana #meerut #pavbhaji #pune",mumbaistreetfood breakfastgoals vadapav delhifoodblog foodblogger snack mumbaifoodie newdelhi indianstreetfood foodcoma nashta meerut indianfood foodtalkindiafood spicyfood delhite homefood delhifood Repost mawana pune eastdelhi delhifoodblogger foodieincarnate indiancuisine delhigram streetfood pavbhaji sodelhi,0,0,True
